State,County,Uninsured,,,,,,,,,,,,,,,,,,,,,,,,,,,,,,,Income inequality,Children in single-parent households,Social associations,Violent crime,Injury deaths,Air pollution - particulate matter,Drinking water violations,Severe housing problems,Driving alone to work,Long commute - driving alone,2011 population estimate,Population that is not proficient in English,Population living in a rural area,Diabetes,HIV prevalence rate,Premature age-adjusted mortality,Infant mortality,Child mortality,Food insecurity,Limited access to healthy foods,Motor vehicle crash deaths,Drug poisoning deaths,Uninsured adults,Uninsured children,Health care costs,Could not see doctor due to cost,Other primary care providers,Median household income,Children eligible for free lunch,Homicide rate,Inadequate social support
CO,Adams County,0.219,,,,,,,,,,,,,,,,,,,,,,,,,,,,,,,3.792,0.301,4.722,415.7,62.9,13.48,0.038,0.19,0.771,0.445,469193,0.074,0.036,0.07,178.8,335,6.7,44.4,0.138,0.045,9.55,17.56,0.265,0.122,9772,0.172,123,54876,0.459,4.4,
CO,Alamosa County,0.2,,,,,,,,,,,,,,,,,,,,,,,,,,,,,,,,0.287,,338.67,85.1,12.45,0,0.201,0.762,0.139,16148,0.018,0.369,0.065,78,365.9,,64.2,0.152,0.027,20.59,13.1,0.238,0.111,7295,0.196,149,37731,0.561,,0.178
CO,Alamosa County,0.186,,,,,,,,,,,,,,,,,,,,,,,,,,,,,,,5.798,0.353,13.005,365.87,84.7,12.45,0.004,0.186,0.764,0.149,16253,0.024,0.369,0.071,78,400.5,,,0.151,0.027,23.09,15.7,0.22,0.108,7237,0.196,154,37484,0.578,,
CO,Arapahoe County,0.177,,,,,,,,,,,,,,,,,,,,,,,,,,,,,,,,0.299,,342.01,58,13.39,0.036,0.175,0.783,0.38,595546,0.049,0.016,0.06,222.3,273.6,6.1,55.7,0.15,0.035,8.65,15.11,0.203,0.117,9264,0.131,78,60525,0.319,4.13,0.182
CO,Arapahoe County,0.176,,,,,,,,,,,,,,,,,,,,,,,,,,,,,,,4.382,0.309,7.657,322.72,59.1,13.39,0,0.178,0.781,0.387,607070,0.045,0.016,0.061,222.3,258.8,6.7,46.3,0.149,0.035,7.08,15.53,0.207,0.102,9543,0.131,84,61092,0.313,3.7,
CO,Archuleta County,0.203,,,,,,,,,,,,,,,,,,,,,,,,,,,,,,,,0.269,,245.12,74.1,11.46,0,0.159,0.725,0.161,12070,0.004,0.594,0.065,,257.8,,,0.123,0.077,22.76,,0.227,0.129,7793,0.194,41,46127,0.402,,0.132
CO,Archuleta County,0.21,,,,,,,,,,,,,,,,,,,,,,,,,,,,,,,4.074,0.332,14.913,216.57,72.6,11.46,0,0.153,0.696,0.148,12194,0.002,0.594,0.063,,217.7,,,0.13,0.077,20.05,,0.236,0.134,6665,0.194,57,44417,0.399,,
CO,Baca County,0.218,,,,,,,,,,,,,,,,,,,,,,,,,,,,,,,,0.211,,262.81,172.2,12.97,0.01,0.122,0.678,0.116,3751,0.005,1,0.077,,516,,,0.119,0.083,55.1,,0.25,0.135,8647,0.12,53,37775,0.396,,
CO,Baca County,0.213,,,0.1935,,,,,,,,,,,,,,,,,,,,,,,,,,,,4.654,0.244,13.33,121.85,153.4,12.97,0.026,0.128,0.662,0.112,3682,0.005,1,0.083,,484.9,,,0.126,0.083,63.66,,0.243,0.14,9422,0.12,81,35787,0.383,,
CO,Bent County,0.174,,,0.1573,,,,,,,,,,,,,,,,,,,,,,,,,,,,,0.379,,111.83,,13.57,0,0.168,0.744,0.214,5773,0.037,0.38,0.064,,478.7,,,0.159,0.127,,,0.208,0.094,8665,,69,33540,0.592,,
CO,Bent County,0.172,,,,,,,,,,,,,,,,,,,,,,,,,,,,,,,4.667,0.336,12.125,162.19,64.7,13.57,0,0.19,0.78,0.213,5688,0.038,0.38,0.07,,428.3,,,0.165,0.127,,,0.206,0.089,8894,,70,34440,0.601,,
CO,Boulder County,0.148,,,,,,,,,,,,,,,,,,,,,,,,,,,,,,,,0.236,,215.63,63.5,13.44,0.017,0.203,0.655,0.26,305318,0.031,0.089,0.047,182.1,221.1,4.7,42,0.133,0.028,8.46,13.43,0.168,0.093,8524,0.112,70,66894,0.218,1.29,0.138
CO,Boulder County,0.136,,,,,,,,,,,,,,,,,,,,,,,,,,,,,,,5.177,0.238,9.433,192.79,63.4,13.44,0.058,0.202,0.645,0.269,310048,0.028,0.089,0.047,182.1,207.5,5.1,36.8,0.137,0.028,7.45,13.43,0.154,0.083,8514,0.112,78,71405,0.172,1.2,
CO,Broomfield County,0.112,,,,,,,,,,,,,,,,,,,,,,,,,,,,,,,,0.231,,70.7,50.4,,0,0.139,0.77,0.382,58298,0.02,0.006,0.055,64.8,252.4,,40.4,0.116,0.013,7.32,10.41,0.132,0.062,8425,0.101,38,81040,0.155,2.81,0.162
CO,Broomfield County,0.102,,,,,,,,,,,,,,,,,,,,,,,,,,,,,,,4.041,0.21,6.518,61.44,49.7,,0,0.15,0.773,0.386,59471,0.021,0.006,0.059,64.8,244.4,5.4,43.5,0.12,0.013,6.06,10.53,0.122,0.054,9093,0.101,39,79117,,3.5,
CO,Chaffee County,0.195,,,,,,,,,,,,,,,,,,,,,,,,,,,,,,,,0.31,,86.74,104.9,12.07,0.004,0.143,0.715,0.161,18150,0.013,0.374,0.06,65.6,289.2,,,0.125,0.019,21.34,16.41,0.216,0.129,7785,0.197,55,44651,0.269,,0.144
CO,Chaffee County,0.186,,,,,,,,,,,,,,,,,,,,,,,,,,,,,,,3.668,0.321,22.59,75.77,82.9,12.07,0.007,0.138,0.716,0.163,18510,0.012,0.374,0.07,65.6,280.3,,,0.13,0.019,19.39,13.73,0.208,0.116,7733,0.197,65,48012,0.32,,
CO,Cheyenne County,0.228,,,,,,,,,,,,,,,,,,,,,,,,,,,,,,,,0.141,,0,,13.63,0,0.066,0.733,0.162,1874,0.013,1,0.075,,376.8,,,0.088,0.116,,,0.24,0.202,8976,,53,51093,0.248,,
CO,Cheyenne County,0.237,,,,,,,,,,,,,,,,,,,,,,,,,,,,,,,3.463,0.113,16.009,35.68,150.4,13.63,0,0.08,0.7,0.134,1890,0.013,1,0.071,,421.1,,,0.104,0.116,84.07,,0.263,0.174,9385,,106,50379,0.273,,
CO,Clear Creek County,0.132,,,,,,,,,,,,,,,,,,,,,,,,,,,,,,,,0.175,,369.17,90.3,12.99,0.008,0.199,0.731,0.489,9026,0.004,1,0.055,211.6,331.7,,,0.109,0.024,20.4,,0.141,0.101,9557,0.165,22,65359,0.185,,0.169
CO,Clear Creek County,0.125,,,,,,,,,,,,,,,,,,,,,,,,,,,,,,,4.434,0.167,6.647,319.09,68.5,12.99,0.009,0.165,0.706,0.52,9031,0.005,1,0.067,211.6,262.4,,,0.126,0.024,18.91,,0.135,0.088,7138,0.165,22,63489,0.192,,
CO,Conejos County,0.223,,,,,,,,,,,,,,,,,,,,,,,,,,,,,,,,0.26,,,95,11.88,0.211,0.188,0.683,0.393,8275,0.019,1,0.061,,382.6,,,0.131,0.022,22.51,20.78,0.263,0.144,8470,0.235,60,31970,0.549,,
CO,Conejos County,0.202,,,,,,,,,,,,,,,,,,,,,,,,,,,,,,,5.08,0.25,3.625,35.69,114.2,11.88,0.216,0.17,0.736,0.404,8277,0.024,1,0.069,,422.7,,,0.127,0.022,22.56,27.76,0.244,0.117,8326,0.235,60,34923,0.51,,
CO,Costilla County,0.288,,,,,,,,,,,,,,,,,,,,,,,,,,,,,,,,0.443,,,164.1,12.29,0.158,0.213,0.713,0.323,3594,0.068,1,0.078,,356,,,0.164,0.553,52.22,,0.328,0.174,6282,0.238,28,26075,0.695,,
CO,Costilla County,0.28,,,,,,,,,,,,,,,,,,,,,,,,,,,,,,,4.984,0.423,5.565,161.59,163,12.29,0.023,0.245,0.725,0.302,3518,0.061,1,0.082,,400.7,,,0.147,0.553,56.15,,0.322,0.154,7689,0.238,28,28233,0.756,,
CO,Crowley County,0.18,,,,,,,,,,,,,,,,,,,,,,,,,,,,,,,,0.266,,43.98,,13.43,0.031,0.142,0.728,0.276,5365,0.045,1,0.063,,288,,,0.155,0.3,34.26,,0.212,0.102,9761,,75,30460,0.604,,
CO,Crowley County,0.178,,,,,,,,,,,,,,,,,,,,,,,,,,,,,,,4.409,0.377,7.456,102.49,62.8,13.43,0.074,0.148,0.772,0.341,5322,0.042,1,0.066,,259.9,,,0.162,0.3,27.11,,0.213,0.094,7676,,56,31477,0.61,,
CO,Custer County,0.222,,,,,,,,,,,,,,,,,,,,,,,,,,,,,,,,0.346,,213.47,,12.64,0,0.192,0.716,0.464,4249,0,1,0.079,,234,,,0.112,0.082,,,0.238,0.167,6139,0.196,94,46744,0.297,,0.156
CO,Custer County,0.207,,,,,,,,,,,,,,,,,,,,,,,,,,,,,,,4.48,0.336,30.595,194.6,80.9,12.64,0,0.186,0.689,0.515,4285,0,1,0.079,,163.9,,,0.132,0.082,,,0.224,0.147,7404,0.196,93,47268,0.339,,
CO,Delta County,0.217,,,,,,,,,,,,,,,,,,,,,,,,,,,,,,,,0.239,,217.78,94.3,11.51,0.034,0.156,0.711,0.304,30432,0.017,0.632,0.076,34.4,338.5,,65.7,0.143,0.017,23.65,13.24,0.247,0.141,7130,0.178,33,41208,0.374,,0.163
CO,Delta County,0.217,,,,,,,,,,,,,,,,,,,,,,,,,,,,,,,4.82,0.245,12.815,153.53,97.6,11.51,0.063,0.167,0.718,0.303,30483,0.016,0.632,0.086,34.4,317.8,,70.9,0.145,0.017,24.81,15.92,0.254,0.126,6966,0.178,36,41730,0.364,5,
CO,Denver County,0.196,,,,,,,,,,,,,,,,,,,,,,,,,,,,,,,,0.378,,583.49,87.6,13.26,0,0.211,0.691,0.323,634265,0.07,0,0.059,1222.5,386.2,7,80,0.182,0.064,10.56,25.42,0.226,0.104,8918,0.155,89,50455,0.64,9.2,0.223
CO,Denver County,0.191,,,,,,,,,,,,,,,,,,,,,,,,,,,,,,,5.422,0.386,10.5,598.21,84.4,13.26,0,0.21,0.696,0.326,649495,0.067,0,0.063,1222.5,361.4,6.9,64.8,0.173,0.064,9.13,25.29,0.223,0.094,8810,0.155,90,51156,0.568,7.3,
CO,Dolores County,0.252,,,,,,,,,,,,,,,,,,,,,,,,,,,,,,,,0.18,,48.62,,10.34,0,0.113,0.778,0.333,1994,0,1,0.071,,329.4,,,0.149,0.086,,,0.279,0.18,7197,,50,39254,0.362,,
CO,Dolores County,0.236,,,,,,,,,,,,,,,,,,,,,,,,,,,,,,,4.781,0.206,5.015,64.02,166.1,10.34,0,0.132,0.771,0.355,2029,0,1,0.075,,297.2,,,0.149,0.086,,,0.264,0.158,8523,,49,42416,0.307,,
CO,Douglas County,0.077,,,,,,,,,,,,,,,,,,,,,,,,,,,,,,,,0.144,,127.52,33.8,12.94,0,0.105,0.787,0.403,298215,0.011,0.103,0.041,43.8,178.3,4.2,32.3,0.095,0.016,6.68,6.35,0.093,0.047,9341,0.086,41,98426,0.082,1.25,0.121
CO,Douglas County,0.075,,,,,,,,,,,,,,,,,,,,,,,,,,,,,,,3.282,0.146,5.835,114.32,36.2,12.94,0.001,0.108,0.795,0.416,305963,0.01,0.103,0.045,43.8,169.3,3.9,27.7,0.099,0.016,5.42,7.87,0.091,0.044,9488,0.086,47,105192,0.083,1.5,
CO,Eagle County,0.23,,,,,,,,,,,,,,,,,,,,,,,,,,,,,,,,0.204,,123.88,42.9,12.57,0.051,0.236,0.705,0.224,51874,0.096,0.2,0.036,133.7,147.4,3.5,43.6,0.137,0.042,12.39,7.78,0.257,0.156,7820,0.175,46,69870,0.315,,0.212
CO,Eagle County,0.221,,,,,,,,,,,,,,,,,,,,,,,,,,,,,,,3.816,0.191,10.024,143.79,41.6,12.57,0.011,0.224,0.709,0.215,52460,0.087,0.2,0.041,133.7,148.7,3.7,43.3,0.127,0.042,10.34,7.55,0.251,0.138,7830,0.175,42,78517,0.365,,
CO,El Paso County,0.154,,,,,,,,,,,,,,,,,,,,,,,,,,,,,,,,0.28,,441.69,62.9,13.06,0.002,0.16,0.773,0.243,644964,0.018,0.089,0.059,146.9,296.2,7.7,63,0.152,0.087,9.88,13.41,0.186,0.084,8557,0.127,79,55312,0.272,4.2,0.162
CO,El Paso County,0.153,,,,,,,,,,,,,,,,,,,,,,,,,,,,,,,4.326,0.282,8.838,412.67,69.1,13.06,0.016,0.16,0.774,0.243,655044,0.018,0.089,0.065,146.9,291.4,7.6,57.6,0.157,0.087,9.19,14.12,0.181,0.088,8631,0.127,85,57072,0.288,4.4,
CO,Elbert County,0.136,,,,,,,,,,,,,,,,,,,,,,,,,,,,,,,,0.136,,48.63,55.5,13.35,0.006,0.117,0.729,0.712,23383,0.004,1,0.051,41.4,255.3,,,0.097,0.065,16.49,10.15,0.146,0.112,8892,0.097,,81528,0.164,,0.132
CO,Elbert County,0.129,,,,,,,,,,,,,,,,,,,,,,,,,,,,,,,3.324,0.137,6.843,48.11,64.2,13.35,0,0.143,0.725,0.705,23733,0.006,1,0.053,41.4,235,,,0.102,0.065,13.74,10.62,0.14,0.1,8378,0.097,4,80972,0.164,,
CO,Fremont County,0.177,,,,,,,,,,,,,,,,,,,,,,,,,,,,,,,,0.239,,262.79,96.3,12.55,0,0.167,0.762,0.226,46788,0.027,0.264,0.085,306.9,387.7,6.8,59.7,0.161,0.104,13.72,18.6,0.205,0.104,7281,0.179,62,40809,0.394,4.57,0.197
CO,Fremont County,0.165,,,,,,,,,,,,,,,,,,,,,,,,,,,,,,,4.22,0.292,10.9,230.23,97.9,12.55,0,0.15,0.773,0.252,46451,0.029,0.264,0.084,306.9,365.8,7.4,55.2,0.162,0.104,14.29,16.42,0.191,0.095,7720,0.179,65,41412,0.399,4.5,
CO,Garfield County,0.246,,,,,,,,,,,,,,,,,,,,,,,,,,,,,,,,0.223,,,75.2,12.29,0.003,0.191,0.653,0.331,56953,0.073,0.241,0.05,78.4,257.7,5.6,53.2,0.137,0.048,21.25,11.83,0.281,0.168,7033,0.201,39,54088,0.342,,0.231
CO,Garfield County,0.239,,,,,,,,,,,,,,,,,,,,,,,,,,,,,,,3.742,0.227,9.833,146.6,75.8,12.29,0.018,0.199,0.668,0.311,57302,0.069,0.241,0.058,78.4,246.5,4.6,52.5,0.13,0.048,20.14,13.69,0.275,0.159,7598,0.201,44,57364,0.309,,
CO,Gilpin County,0.102,,,,,,,,,,,,,,,,,,,,,,,,,,,,,,,,0.387,,327.61,,13.18,0,0.17,0.726,0.546,5491,0.003,1,0.06,,276.4,,,0.125,0,,,0.107,0.084,7586,,55,61447,0.218,,0.171
CO,Gilpin County,0.107,,,,,,,,,,,,,,,,,,,,,,,,,,,,,,,4.056,0.356,5.463,296.61,41.1,13.18,0,0.195,0.757,0.523,5601,0,1,0.067,,248.9,,,0.126,0,,,0.115,0.077,6572,,54,64962,0.232,,
CO,Grand County,0.196,,,,,,,,,,,,,,,,,,,,,,,,,,,,,,,,0.192,,273.34,61.9,13.37,0,0.14,0.724,0.237,14195,0.013,0.826,0.055,87.2,205.2,,,0.125,0.043,13.01,,0.213,0.143,7766,0.149,28,56191,0.187,,0.121
CO,Grand County,0.181,,,,,,,,,,,,,,,,,,,,,,,,,,,,,,,3.249,0.238,16.203,257.14,54.7,13.37,0,0.138,0.687,0.223,14289,0.014,0.826,0.054,87.2,212,,,0.126,0.043,10.85,9.86,0.2,0.117,7419,0.149,35,57312,0.233,,
CO,Gunnison County,0.236,,,,,,,,,,,,,,,,,,,,,,,,,,,,,,,,0.2,,246.65,66.1,11.68,0.081,0.214,0.536,0.129,15475,0.015,0.586,0.043,45.7,211.4,,90.4,0.144,0.021,15.31,,0.262,0.144,7432,0.168,58,49861,0.175,,0.14
CO,Gunnison County,0.212,,,,,,,,,,,,,,,,,,,,,,,,,,,,,,,4.212,0.259,20.679,251.42,56,11.68,0.008,0.22,0.545,0.175,15507,0.017,0.586,0.048,45.7,204,,89.3,0.154,0.021,11.26,,0.235,0.132,6649,0.168,58,48391,0.197,,
CO,Huerfano County,0.201,,,,,,,,,,,,,,,,,,,,,,,,,,,,,,,,0.406,,192.63,149.5,12.82,0.015,0.239,0.658,0.233,6596,0.014,0.561,0.083,154.1,466.7,,,0.177,0.112,38.68,20.36,0.23,0.107,7461,0.242,106,31574,0.575,,
CO,Huerfano County,0.213,,,,,,,,,,,,,,,,,,,,,,,,,,,,,,,4.418,0.43,10.612,312.92,133.4,12.82,0.014,0.205,0.656,0.241,6519,0.012,0.561,0.087,154.1,447.9,,,0.163,0.112,45.93,22.96,0.243,0.11,7655,0.242,92,32418,0.574,,
CO,Jefferson County,0.139,,,,,,,,,,,,,,,,,,,,,,,,,,,,,,,,0.277,,237.63,59.7,13.02,0.001,0.147,0.78,0.379,545358,0.014,0.069,0.056,128.8,270.4,5.1,43.1,0.126,0.043,9.94,10.62,0.16,0.082,9117,0.102,48,67401,0.247,1.96,0.133
CO,Jefferson County,0.131,,,,,,,,,,,,,,,,,,,,,,,,,,,,,,,4.112,0.276,7.408,227.83,67.9,13.02,0.12,0.146,0.781,0.382,551798,0.013,0.069,0.058,128.8,261.2,5.4,38.3,0.127,0.043,8.96,12.13,0.152,0.073,9087,0.102,56,68161,0.248,1.8,
CO,Kiowa County,0.178,,,,,,,,,,,,,,,,,,,,,,,,,,,,,,,4.674,0.263,27.701,69.57,141.9,13.55,0.083,0.111,0.732,0.19,1423,0.002,1,0.085,,438,,,0.131,0.356,,,0.198,0.128,7852,,70,42378,0.276,,
CO,Kit Carson County,0.246,,,,,,,,,,,,,,,,,,,,,,,,,,,,,,,,0.263,,154.72,85.8,13.67,0.015,0.081,0.754,0.098,8094,0.036,0.487,0.073,,352.8,,,0.116,0.084,28.07,,0.279,0.174,8456,0.149,74,44059,0.364,,
CO,Kit Carson County,0.22,,,,,,,,,,,,,,,,,,,,,,,,,,,,,,,4.341,0.24,22.239,177.09,85.3,13.67,0.33,0.098,0.762,0.087,8037,0.031,0.487,0.086,,375.4,,,0.126,0.084,29.82,,0.251,0.15,9260,0.149,75,39633,0.388,,
CO,La Plata County,0.204,,,,,,,,,,,,,,,,,,,,,,,,,,,,,,,,0.247,,424.8,77.8,10.76,0.048,0.172,0.676,0.24,52401,0.008,0.599,0.055,78.4,231.8,,55.4,0.126,0.044,19.71,10.73,0.229,0.128,6784,0.133,78,55888,0.234,3.77,0.151
CO,La Plata County,0.198,,,,,,,,,,,,,,,,,,,,,,,,,,,,,,,4.12,0.286,10.114,,77.4,10.76,0.051,0.178,0.688,0.23,53284,0.007,0.599,0.056,78.4,233,,50.3,0.132,0.044,20.85,14.37,0.223,0.123,7043,0.133,92,58675,0.261,4.9,
CO,Lake County,0.272,,,,,,,,,,,,,,,,,,,,,,,,,,,,,,,,0.404,,272.24,95,12.12,0,0.22,0.562,0.335,7338,0.057,0.311,0.049,,305.6,,,0.175,0.265,23.25,,0.313,0.167,9158,0.28,68,45504,0.53,,
CO,Lake County,0.252,,,,,,,,,,,,,,,,,,,,,,,,,,,,,,,3.978,0.389,14.99,273.83,100.1,12.12,0,0.196,0.59,0.369,7306,0.061,0.311,0.052,,270,,,0.143,0.265,25.18,,0.298,0.132,8351,0.28,82,47547,0.455,,
CO,Larimer County,0.15,,,,,,,,,,,,,,,,,,,,,,,,,,,,,,,,0.221,,235.66,53.1,13.76,0.032,0.187,0.754,0.246,310487,0.014,0.117,0.05,76,236.8,5,42.9,0.135,0.051,9.34,12.99,0.174,0.083,8282,0.123,64,56132,0.24,1.9,0.132
CO,Larimer County,0.148,,,,,,,,,,,,,,,,,,,,,,,,,,,,,,,4.563,0.234,8.986,222.7,56.8,13.76,0.031,0.186,0.756,0.246,315988,0.013,0.117,0.053,76,232.1,4.8,37.9,0.14,0.051,8.45,14.25,0.172,0.076,8164,0.123,73,59337,0.26,1.7,
CO,Las Animas County,0.194,,,,,,,,,,,,,,,,,,,,,,,,,,,,,,,,0.353,,154.77,113.4,12.9,0.004,0.187,0.741,0.235,14945,0.017,0.408,0.075,104.6,436.7,,105.5,0.154,0.149,31.93,15.51,0.225,0.113,7902,0.18,27,38713,0.38,11.86,0.21
CO,Las Animas County,0.179,,,,,,,,,,,,,,,,,,,,,,,,,,,,,,,5.076,0.334,14.721,136.58,120.7,12.9,0.008,0.192,0.755,0.241,14446,0.018,0.408,0.081,104.6,440.5,,103.1,0.148,0.149,27.66,21.21,0.205,0.108,8328,0.18,42,38547,0.352,13.5,
CO,Lincoln County,0.195,,,,,,,,,,,,,,,,,,,,,,,,,,,,,,,,0.236,,142.03,87.7,13.65,0,0.112,0.692,0.155,5453,0.056,1,0.076,167.5,318.9,,,0.123,0.068,25.8,,0.218,0.146,8239,,238,38098,0.288,,
CO,Lincoln County,0.169,,,,,,,,,,,,,,,,,,,,,,,,,,,,,,,5.237,0.273,12.837,151.63,113.7,13.65,0,0.127,0.732,0.179,5430,0.05,1,0.086,167.5,334.8,,,0.134,0.068,33.96,,0.198,0.108,9655,,184,41510,0.352,,
CO,Logan County,0.194,,,,,,,,,,,,,,,,,,,,,,,,,,,,,,,,0.3,,224.6,62,13.6,0.778,0.123,0.764,0.135,22631,0.023,0.292,0.068,29.7,304.1,,75.9,0.133,0.061,18.08,9.69,0.22,0.13,8301,0.11,53,42740,0.351,,0.207
CO,Logan County,0.184,,,,,,,,,,,,,,,,,,,,,,,,,,,,,,,4.351,0.305,13.698,208.01,61.3,13.6,0.775,0.129,0.745,0.149,22450,0.019,0.292,0.075,29.7,306.4,,72.6,0.14,0.061,10.85,11.49,0.215,0.108,8007,0.11,62,43561,0.341,,
CO,Mesa County,0.181,,,,,,,,,,,,,,,,,,,,,,,,,,,,,,,,0.275,,292.46,80.9,11.57,0.121,0.155,0.784,0.164,147848,0.013,0.127,0.066,72.9,337,5.3,41.1,0.145,0.088,16.4,12.68,0.212,0.103,6820,0.163,65,46940,0.353,3.09,0.156
CO,Mesa County,0.17,,,,,,,,,,,,,,,,,,,,,,,,,,,,,,,4.382,0.307,8.928,297.54,88,11.57,0.117,0.16,0.787,0.161,147554,0.013,0.127,0.076,72.9,337,4.3,49.3,0.147,0.088,15.2,15.4,0.203,0.09,6870,0.163,74,48108,0.354,4.2,
CO,Moffat County,0.185,,,,,,,,,,,,,,,,,,,,,,,,,,,,,,,,0.218,,205.88,99.2,13.18,0,0.14,0.732,0.227,13200,0.03,0.274,0.065,53.4,357.6,,75.3,0.136,0.066,21.34,,0.215,0.117,9431,0.125,38,57023,0.341,,0.2
CO,Moffat County,0.176,,,,,,,,,,,,,,,,,,,,,,,,,,,,,,,4.531,0.192,12.879,161.57,94.5,13.18,0,0.164,0.68,0.194,13103,0.026,0.274,0.068,53.4,361.3,,83.3,0.133,0.066,16.98,14.86,0.207,0.105,9600,0.125,53,58890,0.329,,
CO,Montezuma County,0.223,,,,,,,,,,,,,,,,,,,,,,,,,,,,,,,,0.315,,254.16,110,9.97,0,0.178,0.749,0.216,25431,0.008,0.672,0.066,62.2,393.9,,91.9,0.149,0.077,31.93,10.26,0.254,0.148,7298,0.186,55,40351,0.464,9.69,0.231
CO,Montezuma County,0.224,,,,,,,,,,,,,,,,,,,,,,,,,,,,,,,4.517,0.359,11.797,238.01,102.3,9.97,0,0.181,0.75,0.218,25642,0.007,0.672,0.063,62.2,356.2,,85.1,0.159,0.077,24.82,9.59,0.259,0.136,7051,0.186,51,43655,0.454,8.9,
CO,Montrose County,0.23,,,,,,,,,,,,,,,,,,,,,,,,,,,,,,,,0.23,,190.8,94.8,11.08,0,0.166,0.74,0.167,40725,0.037,0.45,0.063,31.8,314.1,6.3,83.6,0.15,0.083,16,9.46,0.269,0.143,6893,0.14,59,45226,0.471,4,0.186
CO,Montrose County,0.217,,,,,,,,,,,,,,,,,,,,,,,,,,,,,,,4.249,0.252,10.313,165.8,103.8,11.08,0,0.168,0.76,0.168,40713,0.029,0.45,0.069,31.8,312.9,7.5,57.3,0.148,0.083,14.48,10.24,0.251,0.137,6281,0.14,61,43946,0.481,6.3,
CO,Morgan County,0.235,,,,,,,,,,,,,,,,,,,,,,,,,,,,,,,,0.335,,102.51,61.6,13.64,0.044,0.171,0.768,0.139,28472,0.077,0.325,0.073,96.8,362.5,9.1,51,0.135,0.053,15.39,8.21,0.281,0.145,10094,0.221,42,44577,0.502,,0.234
CO,Morgan County,0.218,,,,,,,,,,,,,,,,,,,,,,,,,,,,,,,3.78,0.348,11.942,93.33,78.2,13.64,0.025,0.182,0.774,0.13,28404,0.071,0.325,0.076,96.8,369,8.3,51,0.134,0.053,17.84,10.71,0.266,0.12,8899,0.221,49,46332,0.488,,
CO,Otero County,0.195,,,,,,,,,,,,,,,,,,,,,,,,,,,,,,,,0.413,,295.68,82.9,13.39,0.147,0.164,0.766,0.159,18698,0.021,0.344,0.075,63,449.7,,63.9,0.17,0.163,22.59,9.79,0.235,0.104,8285,0.195,86,35026,0.562,,0.291
CO,Otero County,0.192,,,,,,,,,,,,,,,,,,,,,,,,,,,,,,,4.601,0.479,16.579,269.15,90.6,13.39,0.186,0.181,0.741,0.173,18703,0.022,0.344,0.079,63,436.1,,81,0.164,0.163,25.06,14.43,0.234,0.098,8158,0.195,107,36811,0.552,,
CO,Ouray County,0.207,,,,,,,,,,,,,,,,,,,,,,,,,,,,,,,,0.106,,107.74,,11.25,0,0.282,0.54,0.361,4530,0.005,1,0.068,,183,,,0.119,0.016,,,0.216,0.177,7561,0.158,88,61657,0.221,,0.157
CO,Ouray County,0.203,,,,,,,,,,,,,,,,,,,,,,,,,,,,,,,3.395,0.112,15.453,56.59,67.8,11.25,0,0.275,0.552,0.295,4557,0.004,1,0.069,,173.6,,,0.121,0.016,,,0.214,0.166,5951,0.158,66,58137,0.241,,
CO,Park County,0.177,,,,,,,,,,,,,,,,,,,,,,,,,,,,,,,,0.129,,80.01,76.2,12.43,0.013,0.149,0.719,0.666,16029,0.003,1,0.052,106.4,239.1,,,0.104,0.117,21.11,,0.189,0.14,7939,0.175,37,60731,0.254,,0.155
CO,Park County,0.18,,,,,,,,,,,,,,,,,,,,,,,,,,,,,,,3.951,0.195,8.11,106.11,73,12.43,0.024,0.165,0.717,0.677,16121,0.002,1,0.061,106.4,244.9,,,0.114,0.117,18.5,10.57,0.196,0.121,7187,0.175,37,57510,0.265,,
CO,Phillips County,0.229,,,,,,,,,,,,,,,,,,,,,,,,,,,,,,,,0.263,,66.93,,13.37,0,0.145,0.671,0.173,4367,0.082,1,0.076,,348.4,,,0.108,0.092,,,0.258,0.166,13465,0.132,69,46216,0.356,,
CO,Phillips County,0.212,,,,,,,,,,,,,,,,,,,,,,,,,,,,,,,4.258,0.232,34.349,37.26,95.8,13.37,0,0.154,0.69,0.166,4356,0.075,1,0.077,,256.7,,,0.126,0.092,,,0.244,0.14,10348,0.132,46,46805,0.295,,
CO,Pitkin County,0.178,,,,,,,,,,,,,,,,,,,,,,,,,,,,,,,,0.183,,159.45,62.2,11.87,0,0.202,0.484,0.198,17263,0.022,0.442,0.048,204.4,163.2,,,0.133,0.016,10.66,13.33,0.192,0.129,9658,0.14,41,67057,0.13,,0.196
CO,Pitkin County,0.178,,,,,,,,,,,,,,,,,,,,,,,,,,,,,,,4.32,0.179,19.695,138.64,60,11.87,0,0.212,0.468,0.19,17379,0.015,0.442,0.049,204.4,118.5,,,0.139,0.016,,10.32,0.193,0.121,9256,0.14,46,71012,0.174,,
CO,Prowers County,0.226,,,,,,,,,,,,,,,,,,,,,,,,,,,,,,,,0.319,,102.68,92.7,13.29,0.114,0.159,0.709,0.107,12389,0.039,0.379,0.073,89.6,457.8,,71.5,0.137,0.15,24.24,,0.275,0.129,10100,0.204,57,36580,0.525,,0.198
CO,Prowers County,0.214,,,,,,,,,,,,,,,,,,,,,,,,,,,,,,,5.585,0.306,13.722,118.28,87.7,13.29,0.134,0.146,0.735,0.112,12291,0.051,0.379,0.071,89.6,401.9,,95.1,0.144,0.15,20.31,11.29,0.258,0.122,9444,0.204,73,38830,0.519,,
CO,Pueblo County,0.153,,,,,,,,,,,,,,,,,,,,,,,,,,,,,,,,0.394,,560.2,78.9,13.05,0.006,0.175,0.793,0.176,160852,0.016,0.142,0.087,114.1,418.6,6.7,59.9,0.156,0.16,14.64,14.08,0.186,0.077,8477,0.158,69,41209,0.48,5.93,0.192
CO,Pueblo County,0.16,,,,,,,,,,,,,,,,,,,,,,,,,,,,,,,4.743,0.394,8.641,530.33,87.2,13.05,0.003,0.176,0.794,0.181,161451,0.017,0.142,0.09,114.1,411.1,5.8,52.3,0.153,0.16,13.79,16.33,0.194,0.08,8700,0.158,72,41352,0.492,6.3,
CO,Rio Blanco County,0.183,,,,,,,,,,,,,,,,,,,,,,,,,,,,,,,,0.174,,277.2,110.7,12.66,0,0.086,0.613,0.207,6857,0.031,1,0.061,,289.1,,,0.117,0.023,31.48,,0.203,0.139,10375,0.111,44,57922,0.205,,0.161
CO,Rio Blanco County,0.167,,,,,,,,,,,,,,,,,,,,,,,,,,,,,,,3.678,0.106,11.667,162.37,110.1,12.66,0,0.084,0.629,0.233,6807,0.039,1,0.06,,310.5,,,0.134,0.023,30.33,,0.188,0.12,8178,0.111,29,59364,0.199,,
CO,Rio Grande County,0.219,,,,,,,,,,,,,,,,,,,,,,,,,,,,,,,,0.297,,235.56,105.7,12.24,0.006,0.171,0.733,0.208,11943,0.028,0.625,0.073,49.9,383.7,,,0.143,0.023,26.15,11.89,0.258,0.132,7853,0.151,75,37837,0.452,,0.2
CO,Rio Grande County,0.214,,,,,,,,,,,,,,,,,,,,,,,,,,,,,,,4.092,0.258,17.584,178.23,119.1,12.24,0.142,0.187,0.733,0.226,11803,0.031,0.625,0.071,49.9,426.4,,,0.142,0.023,23.95,20.36,0.25,0.13,8005,0.151,68,39834,0.493,,
CO,Routt County,0.158,,,,,,,,,,,,,,,,,,,,,,,,,,,,,,,,0.219,,230.09,85.5,13.64,0.035,0.185,0.644,0.215,23334,0.005,0.452,0.033,79,234.5,,56.8,0.125,0.051,17.17,8.9,0.176,0.101,7323,0.136,60,62271,0.137,,0.09
CO,Routt County,0.154,,,,,,,,,,,,,,,,,,,,,,,,,,,,,,,3.862,0.225,13.285,207.85,80.4,13.64,0.047,0.184,0.664,0.204,23513,0.006,0.452,0.039,79,196,,,0.129,0.051,14.26,9.92,0.173,0.092,7038,0.136,60,63763,0.141,,
CO,Saguache County,0.314,,,,,,,,,,,,,,,,,,,,,,,,,,,,,,,,0.409,,240.73,100.7,12.18,0,0.207,0.594,0.302,6304,0.068,1,0.055,152.6,345.9,,,0.167,0.515,,,0.35,0.211,6566,0.239,16,30197,0.678,,
CO,Saguache County,0.307,,,,,,,,,,,,,,,,,,,,,,,,,,,,,,,4.274,0.423,11.104,241.47,84,12.18,0.011,0.212,0.623,0.266,6208,0.063,1,0.06,152.6,251.8,,,0.163,0.515,,,0.348,0.197,6182,0.239,16,35310,0.729,,
CO,San Miguel County,0.21,,,,,,,,,,,,,,,,,,,,,,,,,,,,,,,,0.194,,115.43,,10.65,0,0.195,0.456,0.192,7580,0.03,1,0.047,109.5,149,,,0.132,0.013,21.73,,0.223,0.167,7680,,53,53477,0.18,,0.154
CO,San Miguel County,0.219,,,,,,,,,,,,,,,,,,,,,,,,,,,,,,,3.847,0.19,14.512,102.5,61.9,10.65,0.001,0.216,0.469,0.205,7678,0.022,1,0.048,109.5,153.2,,,0.135,0.013,,,0.237,0.156,6992,,65,53674,0.218,,
CO,Sedgwick County,0.218,,,,,,,,,,,,,,,,,,,,,,,,,,,,,,,,0.313,,189.91,,13.4,0,0.08,0.618,0.252,2383,0.018,1,0.075,,422.1,,,0.122,0.045,,,0.241,0.153,7118,,84,37633,0.145,,
CO,Sedgwick County,0.214,,,,,,,,,,,,,,,,,,,,,,,,,,,,,,,4.755,0.42,16.786,207.6,134,13.4,0,0.084,0.662,0.249,2360,0.008,1,0.079,,454.2,,,0.126,0.045,,,0.241,0.137,8335,,85,39980,0.18,,
CO,Summit County,0.211,,,,,,,,,,,,,,,,,,,,,,,,,,,,,,,,0.29,,131.86,39.9,12.79,0,0.212,0.62,0.135,28044,0.046,0.195,0.039,153.4,133.5,,,0.129,0.061,10.74,9.67,0.23,0.133,7653,0.078,36,61286,0.239,,0.168
CO,Summit County,0.194,,,,,,,,,,,,,,,,,,,,,,,,,,,,,,,3.388,0.275,7.845,127.4,44.7,12.79,0.032,0.212,0.613,0.142,28649,0.031,0.195,0.04,153.4,121,,,0.134,0.061,5.75,10.45,0.215,0.113,7316,0.078,45,63236,0.253,,
CO,Teller County,0.143,,,,,,,,,,,,,,,,,,,,,,,,,,,,,,,,0.271,,156.7,78.1,12.68,0.041,0.172,0.742,0.519,23389,0.002,0.626,0.068,24.6,281.5,,67.2,0.117,0.047,14.59,19.03,0.157,0.102,8183,0.144,34,59558,0.248,,0.162
CO,Teller County,0.142,,,,,,,,,,,,,,,,,,,,,,,,,,,,,,,3.867,0.273,12.827,165.29,70,12.68,0.077,0.168,0.725,0.516,23275,0,0.626,0.07,24.6,263.8,,74.7,0.123,0.047,11.2,17.42,0.16,0.09,7770,0.144,30,62725,0.253,,
CO,Washington County,0.228,,,,,,,,,,,,,,,,,,,,,,,,,,,,,,,,0.243,,176.43,,13.67,0.022,0.119,0.691,0.316,4766,0.01,1,0.071,,281.3,,,0.116,0.191,35.26,,0.249,0.179,7985,0.2,42,43446,0.305,,
CO,Washington County,0.202,,,,,,,,,,,,,,,,,,,,,,,,,,,,,,,4.176,0.248,20.982,199.34,66.8,13.67,0.022,0.115,0.701,0.344,4803,0.009,1,0.071,,299,,,0.122,0.191,35.57,,0.232,0.13,8325,0.2,42,45572,0.281,,
CO,Weld County,0.178,,,,,,,,,,,,,,,,,,,,,,,,,,,,,,,,0.239,,282.39,57.8,13.66,0.027,0.181,0.783,0.361,263691,0.042,0.205,0.061,74.2,292.3,6.9,56.2,0.142,0.048,17.08,7.93,0.216,0.097,9123,0.162,53,55332,0.382,2.79,0.171
CO,Weld County,0.191,,,,,,,,,,,,,,,,,,,,,,,,,,,,,,,4.384,0.259,7.243,289.83,60.1,13.66,0.006,0.188,0.792,0.361,269785,0.04,0.205,0.063,74.2,283.8,6.5,50.5,0.136,0.048,14.18,10.03,0.222,0.125,8886,0.162,56,58404,0.456,2.2,
CO,Yuma County,0.231,,,,,,,,,,,,,,,,,,,,,,,,,,,,,,,,0.127,,66.82,66.7,13.48,0,0.085,0.658,0.135,10119,0.061,0.649,0.06,110.9,292.6,,,0.1,0.068,17.38,,0.267,0.156,10636,0.096,40,45059,0.402,,0.178
CO,Yuma County,0.235,,,,,,,,,,,,,,,,,,,,,,,,,,,,,,,3.84,0.086,13.835,62.29,71.8,13.48,0,0.072,0.69,0.137,10151,0.059,0.649,0.064,110.9,291.7,,,0.117,0.068,17.22,,0.274,0.152,10171,0.096,30,45487,0.43,,
KS,Allen County,0.143,,,,,,,,,,,,,,,,,,,,,,,,,,,,,,,,0.347,,321.6,89,8.15,0.261,0.085,0.857,0.145,13319,0.002,0.572,0.119,44.3,439.6,,,0.14,0.134,42.09,,0.177,0.063,9663,0.121,68,37952,0.437,,0.143
KS,Allen County,0.147,,,,,,,,,,,,,,,,,,,,,,,,,,,,,,,4.308,0.35,15.767,294.39,89.8,8.15,0,0.094,0.822,0.131,13124,0.001,0.572,0.108,44.3,469.4,,,0.146,0.134,34.03,18.08,0.177,0.077,9406,0.121,76,40073,0.457,,
KS,Anderson County,0.154,,,,,,,,,,,,,,,,,,,,,,,,,,,,,,,,0.321,,363.17,69.3,8.18,0.222,0.113,0.745,0.373,7917,0.003,0.588,0.09,,339.7,,,0.133,0.093,31.8,,0.191,0.074,9600,0.137,25,42424,0.397,,0.116
KS,Anderson County,0.165,,,,,,,,,,,,,,,,,,,,,,,,,,,,,,,4.028,0.321,12.631,292.53,76.8,8.18,0.449,0.125,0.763,0.319,7897,0.005,0.588,0.094,,366.8,,,0.14,0.093,28.36,,0.205,0.078,9262,0.137,38,42386,0.389,,
KS,Atchison County,0.136,,,,,,,,,,,,,,,,,,,,,,,,,,,,,,,,0.371,,239.97,58,8.27,0.679,0.105,0.769,0.239,16813,0.002,0.342,0.101,57.1,407.2,,,0.154,0.078,16.91,8.45,0.173,0.055,8507,0.092,42,43253,0.488,,0.17
KS,Atchison County,0.127,,,,,,,,,,,,,,,,,,,,,,,,,,,,,,,4.335,0.358,18.438,247.87,75.9,8.27,0.664,0.11,0.754,0.252,16749,0.002,0.342,0.104,57.1,413.5,,67.7,0.15,0.078,18.63,10.16,0.156,0.063,8391,0.092,42,44180,0.493,,
KS,Barber County,0.152,,,,,,,,,,,,,,,,,,,,,,,,,,,,,,,,0.38,,152.82,81.6,10.78,0,0.087,0.828,0.118,4861,0.003,1,0.122,,331.4,,,0.111,0.042,52.17,,0.178,0.09,10047,,103,47811,0.271,,0.09
KS,Barber County,0.145,,,,,,,,,,,,,,,,,,,,,,,,,,,,,,,4.02,0.343,34.972,221.22,115.1,10.78,0,0.076,0.836,0.137,4947,0.002,1,0.107,,398.7,,,0.118,0.042,52.53,,0.167,0.092,9223,,101,50097,0.284,,
KS,Barton County,0.174,,,,,,,,,,,,,,,,,,,,,,,,,,,,,,,,0.23,,362.94,69.1,11.49,0,0.082,0.828,0.114,27557,0.041,0.318,0.119,104.7,374.5,12.3,48.4,0.122,0.076,12.99,,0.213,0.083,10364,0.125,98,43371,0.471,,0.156
KS,Barton County,0.172,,,,,,,,,,,,,,,,,,,,,,,,,,,,,,,3.939,0.24,20.322,410.74,81.9,11.49,0.016,0.097,0.824,0.131,27509,0.036,0.318,0.104,104.7,394.9,9.3,58.9,0.126,0.076,17.63,,0.209,0.088,10172,0.125,98,42464,0.485,,
KS,Bourbon County,0.149,,,,,,,,,,,,,,,,,,,,,,,,,,,,,,,,0.305,,316.02,79.5,8.4,0,0.105,0.814,0.206,14897,0,0.48,0.098,56.2,418.3,,77.1,0.147,0.076,26.52,14.2,0.186,0.066,8581,0.161,94,37057,0.508,,0.202
KS,Bourbon County,0.142,,,,,,,,,,,,,,,,,,,,,,,,,,,,,,,4.853,0.335,16.782,329.64,77,8.4,0.236,0.103,0.804,0.189,14852,0.001,0.48,0.103,56.2,422.9,,65.5,0.151,0.076,22.78,13.29,0.176,0.069,8694,0.161,94,35990,0.525,,
KS,Brown County,0.157,,,,,,,,,,,,,,,,,,,,,,,,,,,,,,,,0.37,,185.49,91.8,8.29,0.371,0.097,0.782,0.176,9881,0.007,0.684,0.116,,438.7,,99.4,0.15,0.026,26.98,,0.193,0.078,9947,0.121,81,42256,0.459,,0.177
KS,Brown County,0.168,,,,,,,,,,,,,,,,,,,,,,,,,,,,,,,4.469,0.358,20.241,176.58,92.3,8.29,0.047,0.105,0.786,0.156,9997,0.007,0.684,0.128,,455.6,,,0.159,0.026,28.58,14.29,0.203,0.091,9906,0.121,100,41426,0.459,,
KS,Butler County,0.112,,,,,,,,,,,,,,,,,,,,,,,,,,,,,,,,0.225,,218.56,67.2,9.26,0.021,0.1,0.863,0.298,65827,0.004,0.405,0.094,59.8,371,6.9,59.5,0.124,0.058,18.28,12.04,0.14,0.054,9367,0.087,35,58031,0.224,,0.147
KS,Butler County,0.111,,,,,,,,,,,,,,,,,,,,,,,,,,,,,,,3.982,0.231,12.609,213.03,67.7,9.26,0.022,0.095,0.874,0.307,65803,0.003,0.405,0.094,59.8,357.7,6.4,49.9,0.123,0.058,17.55,14.7,0.132,0.068,9460,0.087,33,56456,0.231,,
KS,Chase County,0.168,,,,,,,,,,,,,,,,,,,,,,,,,,,,,,,,0.261,,47.73,,9.18,0,0.136,0.777,0.283,2757,0.011,1,0.104,,376.8,,,0.119,0.315,,,0.198,0.096,8513,,73,42940,0.253,,
KS,Chase County,0.167,,,,,,,,,,,,,,,,,,,,,,,,,,,,,,,4.51,0.224,21.763,94.91,,9.18,0,0.143,0.786,0.286,2700,0.008,1,0.107,,374.5,,,0.133,0.315,,,0.193,0.102,7782,,74,44300,0.237,,
KS,Chautauqua County,0.211,,,,,,,,,,,,,,,,,,,,,,,,,,,,,,,,0.298,,,,9.04,0,0.096,0.79,0.403,3571,0.011,1,0.108,,518.9,,,0.142,0.079,,,0.249,0.111,9578,0.162,224,35714,0.448,,
KS,Chautauqua County,0.218,,,,,,,,,,,,,,,,,,,,,,,,,,,,,,,3.533,0.303,19.602,,109.6,9.04,0,0.1,0.781,0.378,3552,0.008,1,0.114,,421.4,,,0.141,0.079,,,0.256,0.12,10958,0.162,253,38973,0.51,,
KS,Cherokee County,0.151,,,,,,,,,,,,,,,,,,,,,,,,,,,,,,,,0.265,,265.07,76.3,8.9,0.018,0.115,0.839,0.246,21226,0.002,0.491,0.119,53.6,526.8,,59.5,0.14,0.068,24.9,11.14,0.187,0.066,9706,0.119,80,39938,0.476,,0.168
KS,Cherokee County,0.157,,,,,,,,,,,,,,,,,,,,,,,,,,,,,,,4.266,0.266,16.018,279.76,83.6,8.9,0.021,0.115,0.849,0.24,20978,0.002,0.491,0.125,53.6,554.8,,46.8,0.149,0.068,23.79,13.88,0.194,0.071,10243,0.119,105,40310,0.496,,
KS,Cheyenne County,0.169,,,,,,,,,,,,,,,,,,,,,,,,,,,,,,,,0.262,,134.61,143.6,13.28,0.75,0.102,0.7,0.115,2678,0.008,1,0.109,,345.9,,,0.106,0.367,,,0.197,0.095,11707,,112,40810,0.361,,
KS,Cheyenne County,0.162,,,,,,,,,,,,,,,,,,,,,,,,,,,,,,,4.176,0.2,33.607,134.13,117.3,13.28,0.75,0.094,0.733,0.143,2694,0.006,1,0.121,,335.4,,,0.115,0.367,,,0.187,0.099,11405,,148,39317,0.368,,
KS,Clark County,0.143,,,,,,,,,,,,,,,,,,,,,,,,,,,,,,,,0.21,,107.28,,11.51,0.046,0.105,0.801,0.14,2181,0.009,1,0.107,,309.6,,,0.11,0.31,,,0.17,0.089,21913,,183,43310,0.304,,0.12
KS,Clark County,0.141,,,,,,,,,,,,,,,,,,,,,,,,,,,,,,,4.009,0.244,27.51,121.25,,11.51,0.046,0.113,0.797,0.171,2193,0.007,1,0.123,,336.2,,,0.128,0.31,,,0.163,0.095,11980,,182,42866,0.329,,
KS,Clay County,0.132,,,,,,,,,,,,,,,,,,,,,,,,,,,,,,,,0.273,,203.86,114.9,9.99,0,0.091,0.775,0.27,8531,0,0.495,0.097,,367.9,,,0.118,0.097,26.88,,0.163,0.062,8724,0.097,70,47736,0.264,,0.097
KS,Clay County,0.13,,,,,,,,,,,,,,,,,,,,,,,,,,,,,,,3.938,0.285,28.133,155.39,95.9,9.99,0,0.105,0.788,0.25,8406,0,0.495,0.104,,302.3,,,0.126,0.097,18.41,,0.157,0.067,9687,0.097,95,48178,0.274,,
KS,Cloud County,0.149,,,,,,,,,,,,,,,,,,,,,,,,,,,,,,,,0.289,,343.76,92.2,10.54,0.004,0.092,0.81,0.123,9397,0.005,0.44,0.118,,407.6,,130.6,0.122,0.124,25.3,,0.184,0.063,9049,0.086,64,40184,0.38,,0.233
KS,Cloud County,0.146,,,,,,,,,,,,,,,,,,,,,,,,,,,,,,,3.909,0.312,30.861,367.9,95,10.54,0.004,0.108,0.821,0.15,9292,0.004,0.44,0.123,,378.7,,,0.13,0.124,24.07,,0.178,0.07,9286,0.086,65,40663,0.414,,
KS,Coffey County,0.124,,,,,,,,,,,,,,,,,,,,,,,,,,,,,,,,0.299,,151.65,86.2,8.27,0,0.068,0.775,0.236,8502,0.004,0.709,0.109,,391.7,,,0.121,0.167,26.56,,0.15,0.06,9091,0.121,59,50826,0.317,,0.137
KS,Coffey County,0.113,,,,,,,,,,,,,,,,,,,,,,,,,,,,,,,3.956,0.296,18.819,138.51,98.2,8.27,0,0.068,0.803,0.234,8412,0.001,0.709,0.093,,434.3,,,0.127,0.167,28.35,,0.133,0.062,9251,0.121,48,53487,0.327,,
KS,Comanche County,0.151,,,,,,,,,,,,,,,,,,,,,,,,,,,,,,,3.777,0.114,52.274,,105.6,11.17,0,0.053,0.753,0.096,1955,0.003,1,0.12,,468.2,,,0.109,0.067,,,0.176,0.099,8677,,153,44076,0.247,,
KS,Cowley County,0.147,,,,,,,,,,,,,,,,,,,,,,,,,,,,,,,,0.357,,356.88,72.5,9.37,0.003,0.126,0.805,0.211,36288,0.02,0.31,0.111,42.7,427.2,8.6,95,0.145,0.056,21.74,10.67,0.185,0.064,8400,0.144,47,37436,0.476,,0.178
KS,Cowley County,0.153,,,,,,,,,,,,,,,,,,,,,,,,,,,,,,,4.137,0.308,18.188,378.74,75.5,9.37,0.004,0.131,0.812,0.206,36204,0.02,0.31,0.119,42.7,434.7,9.9,70.6,0.148,0.056,17.37,9.08,0.189,0.073,8368,0.144,47,42341,0.491,,
KS,Crawford County,0.167,,,,,,,,,,,,,,,,,,,,,,,,,,,,,,,,0.308,,373.63,77.5,8.44,0,0.146,0.863,0.171,39361,0.015,0.349,0.1,72.8,436.7,8.6,57.8,0.165,0.142,21.68,13.23,0.203,0.069,10685,0.137,122,35365,0.482,,0.173
KS,Crawford County,0.179,,,,,,,,,,,,,,,,,,,,,,,,,,,,,,,4.58,0.297,12.703,331.56,68.5,8.44,0.007,0.17,0.868,0.179,39278,0.016,0.349,0.102,72.8,426.3,8.4,40.3,0.166,0.142,15.72,13.53,0.216,0.078,10491,0.137,137,36958,0.472,,
KS,Decatur County,0.165,,,,,,,,,,,,,,,,,,,,,,,,,,,,,,,,0.392,,175.9,139.2,12.84,0.879,0.053,0.746,0.171,2871,0.006,1,0.14,,458.7,,,0.105,0.077,,,0.191,0.093,10136,,,40168,0.286,,
KS,Decatur County,0.151,,,,,,,,,,,,,,,,,,,,,,,,,,,,,,,3.813,0.313,38.314,167.79,122.3,12.84,0.878,0.057,0.753,0.144,2930,0.003,1,0.131,,545.5,,,0.118,0.077,,,0.172,0.091,10579,,0,37789,0.28,,
KS,Dickinson County,0.137,,,,,,,,,,,,,,,,,,,,,,,,,,,,,,,,0.28,,169.39,58,9.92,0.137,0.114,0.762,0.315,19762,0.002,0.643,0.104,28.2,328.1,,76.5,0.123,0.055,17.56,,0.168,0.068,7593,0.099,71,47962,0.279,,0.135
KS,Dickinson County,0.127,,,,,,,,,,,,,,,,,,,,,,,,,,,,,,,3.782,0.264,23.277,164.48,69.8,9.92,0.047,0.097,0.782,0.304,19609,0.003,0.643,0.107,28.2,350.4,,82.3,0.13,0.055,15.25,9.44,0.153,0.068,7671,0.099,66,49033,0.334,,
KS,Doniphan County,0.144,,,,,,,,,,,,,,,,,,,,,,,,,,,,,,,,0.287,,270.61,62.8,8.38,0.038,0.094,0.812,0.234,7864,0.005,0.702,0.099,,319.9,,,0.143,0.212,26.95,,0.173,0.07,9738,0.12,25,44524,0.352,,0.096
KS,Doniphan County,0.15,,,,,,,,,,,,,,,,,,,,,,,,,,,,,,,3.956,0.284,16.531,238.23,47.9,8.38,0.032,0.077,0.822,0.214,7851,0.005,0.702,0.097,,313.7,,,0.14,0.212,21.59,,0.178,0.075,8917,0.12,25,46338,0.387,,
KS,Douglas County,0.147,,,,,,,,,,,,,,,,,,,,,,,,,,,,,,,,0.305,,403,45.3,8.24,0,0.203,0.748,0.262,112864,0.016,0.11,0.058,89.1,252.9,6.3,45.5,0.169,0.041,8.07,7.81,0.172,0.066,8585,0.092,47,48813,0.258,1.99,0.138
KS,Douglas County,0.15,,,,,,,,,,,,,,,,,,,,,,,,,,,,,,,5.213,0.283,10.366,387.3,43.8,8.24,0,0.218,0.759,0.261,114322,0.016,0.11,0.061,89.1,263.9,5,32.2,0.171,0.041,6.88,8.57,0.172,0.078,8254,0.092,45,51221,0.287,,
KS,Edwards County,0.184,,,,,,,,,,,,,,,,,,,,,,,,,,,,,,,,0.164,,,,11.67,0.103,0.076,0.828,0.265,2979,0.036,1,0.106,,459.1,,,0.115,0.05,,,0.213,0.114,11924,,101,44028,0.393,,0.152
KS,Edwards County,0.193,,,,,,,,,,,,,,,,,,,,,,,,,,,,,,,3.458,0.199,16.784,,132.4,11.67,0,0.093,0.821,0.28,2945,0.036,1,0.113,,424.8,,,0.116,0.05,47.06,,0.219,0.128,11820,,102,45687,0.382,,
KS,Elk County,0.201,,,,,,,,,,,,,,,,,,,,,,,,,,,,,,,,0.273,,113.46,,8.71,0.296,0.104,0.773,0.403,2720,0.006,1,0.132,,427,,,0.142,0.498,,,0.238,0.105,10256,,37,34857,0.482,,
KS,Elk County,0.191,,,,,,,,,,,,,,,,,,,,,,,,,,,,,,,4.127,0.268,14.706,88.24,126,8.71,0.147,0.112,0.758,0.442,2655,0.023,1,0.135,,478.6,,,0.142,0.498,,,0.223,0.109,8867,,38,37537,0.503,,
KS,Ellis County,0.126,,,,,,,,,,,,,,,,,,,,,,,,,,,,,,,,0.228,,279.44,59.2,12.31,0.005,0.122,0.82,0.062,29053,0.008,0.256,0.075,29.1,330.3,,43.2,0.129,0.058,14.87,,0.151,0.053,9757,0.073,141,45969,0.282,,0.147
KS,Ellis County,0.133,,,,,,,,,,,,,,,,,,,,,,,,,,,,,,,4.718,0.241,12.735,333.88,62.4,12.31,0.002,0.113,0.835,0.065,29061,0.008,0.256,0.082,29.1,308.6,,62.7,0.136,0.058,17.68,,0.157,0.063,9938,0.073,158,47454,0.275,,
KS,Ellsworth County,0.138,,,,,,,,,,,,,,,,,,,,,,,,,,,,,,,,0.253,,218.79,64.9,11.01,0,0.084,0.768,0.17,6494,0.001,0.541,0.102,87.5,357.2,,,0.102,0.111,,,0.163,0.071,11586,0.125,62,48874,0.335,,0.097
KS,Ellsworth County,0.127,,,,,,,,,,,,,,,,,,,,,,,,,,,,,,,3.442,0.262,27.718,209.87,67.9,11.01,0.174,0.055,0.794,0.19,6398,0.003,0.541,0.105,87.5,381.9,,,0.112,0.111,,,0.15,0.068,10711,0.125,63,48030,0.246,,
KS,Finney County,0.193,,,,,,,,,,,,,,,,,,,,,,,,,,,,,,,,0.247,,364.75,64.8,12.51,0.411,0.151,0.792,0.089,37200,0.102,0.186,0.088,63.4,316.1,6.1,67.5,0.117,0.091,20.03,,0.253,0.086,8214,0.143,48,46496,0.545,,0.221
KS,Finney County,0.196,,,,,,,,,,,,,,,,,,,,,,,,,,,,,,,3.4,0.245,11.022,383.58,67.8,12.51,0.026,0.164,0.771,0.098,37098,0.113,0.186,0.091,63.4,310.5,5.4,63.7,0.109,0.091,23.16,4.71,0.255,0.089,8115,0.143,49,46984,0.55,4,
KS,Ford County,0.222,,,,,,,,,,,,,,,,,,,,,,,,,,,,,,,,0.249,,458.91,52.6,11.92,0.004,0.168,0.807,0.095,34752,0.156,0.193,0.096,98.5,327.2,7.7,91.7,0.115,0.138,23.68,,0.287,0.1,8442,0.142,60,46668,0.647,,0.228
KS,Ford County,0.216,,,,,,,,,,,,,,,,,,,,,,,,,,,,,,,3.429,0.24,10.071,410.11,68.8,11.92,0.46,0.169,0.826,0.101,34819,0.139,0.193,0.094,98.5,316.5,7.3,87.3,0.107,0.138,21.49,4.3,0.279,0.099,9050,0.142,69,46444,0.648,,
KS,Franklin County,0.119,,,,,,,,,,,,,,,,,,,,,,,,,,,,,,,,0.267,,277.44,77.4,8.22,0,0.107,0.803,0.375,25906,0.004,0.521,0.111,71,369,7.8,51.5,0.141,0.146,19.42,11.1,0.147,0.057,8968,0.112,15,48895,0.405,,0.146
KS,Franklin County,0.125,,,,,,,,,,,,,,,,,,,,,,,,,,,,,,,3.917,0.269,13.896,276.17,71,8.22,0.01,0.129,0.777,0.369,25740,0.005,0.521,0.123,71,359.6,,52.7,0.146,0.146,20.44,12.71,0.153,0.061,9309,0.112,19,48297,0.423,,
KS,Geary County,0.153,,,,,,,,,,,,,,,,,,,,,,,,,,,,,,,,0.312,,481.29,74.4,9.49,0.007,0.112,0.775,0.127,38013,0.016,0.117,0.081,137,443,8.8,125.2,0.184,0.127,15.04,11.16,0.197,0.067,8456,0.104,179,46008,0.393,7.28,0.175
KS,Geary County,0.152,,,,,,,,,,,,,,,,,,,,,,,,,,,,,,,3.073,0.283,8.418,498.83,74.3,9.49,0.004,0.139,0.79,0.114,37384,0.011,0.117,0.079,137,408.6,8.9,103.6,0.177,0.127,13.77,12.44,0.194,0.066,8585,0.104,198,41048,0.374,6.5,
KS,Gove County,0.167,,,,,,,,,,,,,,,,,,,,,,,,,,,,,,,,0.138,,170.89,,12.86,0,0.059,0.71,0.139,2729,0.002,1,0.129,,351.4,,,0.096,0.288,,,0.191,0.111,10780,,,47114,0.245,,0.202
KS,Gove County,0.159,,,,,,,,,,,,,,,,,,,,,,,,,,,,,,,3.569,0.121,43.972,224.47,156.1,12.86,0.024,0.038,0.695,0.109,2769,0.001,1,0.132,,259.1,,,0.107,0.288,,,0.182,0.109,12322,,0,48042,0.241,,
KS,Graham County,0.163,,,,,,,,,,,,,,,,,,,,,,,,,,,,,,,,0.174,,90.08,,12.69,0.078,0.091,0.753,0.164,2578,0,1,0.117,,333.6,,,0.107,0.078,,,0.188,0.094,11612,,39,45650,0.294,,0.142
KS,Graham County,0.152,,,,,,,,,,,,,,,,,,,,,,,,,,,,,,,4.265,0.193,23.274,152.59,,12.69,0.08,0.093,0.761,0.141,2593,0,1,0.114,,439.6,,,0.112,0.078,,,0.174,0.092,12597,,39,44422,0.219,,
KS,Grant County,0.192,,,,,,,,,,,,,,,,,,,,,,,,,,,,,,,,0.296,,186.47,77.5,12.57,0.488,0.09,0.776,0.061,7923,0.085,0.198,0.094,,307.1,,112.6,0.104,0.037,35.12,,0.241,0.105,7908,0.129,25,53369,0.465,,0.172
KS,Grant County,0.188,,,,,,,,,,,,,,,,,,,,,,,,,,,,,,,3.143,0.305,17.67,236.16,53.7,12.57,0.488,0.094,0.758,0.071,7950,0.085,0.198,0.097,,316.7,,,0.089,0.037,25.65,,0.237,0.101,7311,0.129,25,54952,0.515,,
KS,Gray County,0.204,,,,,,,,,,,,,,,,,,,,,,,,,,,,,,,,0.142,,39.5,95.5,12.22,0,0.09,0.78,0.201,6030,0.035,1,0.088,,283.6,,,0.094,0.163,38.88,,0.241,0.134,7914,,50,55780,0.315,,0.172
KS,Gray County,0.197,,,,,,,,,,,,,,,,,,,,,,,,,,,,,,,3.354,0.188,28.192,71.45,63.6,12.22,0,0.112,0.788,0.21,6009,0.024,1,0.091,,241.2,,,0.102,0.163,31.35,,0.232,0.131,7394,,50,56615,0.297,,
KS,Greenwood County,0.157,,,,,,,,,,,,,,,,,,,,,,,,,,,,,,,,0.396,,143.53,105.5,8.69,0.049,0.104,0.814,0.373,6454,0,0.613,0.111,,430.8,,,0.142,0.153,22.56,,0.191,0.073,11289,0.073,77,41382,0.454,,0.139
KS,Greenwood County,0.146,,,,,,,,,,,,,,,,,,,,,,,,,,,,,,,4.287,0.377,20.143,154.24,99,8.69,0.129,0.11,0.804,0.371,6424,0,0.613,0.11,,476.1,,,0.144,0.153,27.53,,0.175,0.075,11287,0.073,93,35803,0.452,,
KS,Hamilton County,0.227,,,,,,,,,,,,,,,,,,,,,,,,,,,,,,,,0.26,,,,13,0,0.116,0.831,0.114,2639,0.076,1,0.086,,393.2,,,0.098,0.478,,,0.264,0.151,12991,,76,43380,0.522,,
KS,Hamilton County,0.227,,,,,,,,,,,,,,,,,,,,,,,,,,,,,,,3.94,0.254,26.525,,135.3,13,0,0.112,0.814,0.129,2609,0.084,1,0.092,,372.8,,,0.099,0.478,,,0.275,0.132,13167,,77,42263,0.524,,
KS,Harper County,0.177,,,,,,,,,,,,,,,,,,,,,,,,,,,,,,,,0.359,,153.88,122.6,10.32,0.062,0.089,0.835,0.163,5911,0.01,1,0.115,,394.6,,,0.126,0.071,49.3,,0.214,0.092,10516,0.068,152,41399,0.485,,0.228
KS,Harper County,0.177,,,,,,,,,,,,,,,,,,,,,,,,,,,,,,,4.582,0.311,33.835,167.82,113.2,10.32,0.063,0.1,0.83,0.164,5860,0.015,1,0.113,,438.8,,,0.132,0.071,35.65,,0.211,0.103,10346,0.068,137,43066,0.477,,
KS,Harvey County,0.145,,,,,,,,,,,,,,,,,,,,,,,,,,,,,,,,0.24,,339.56,80.8,9.93,0,0.105,0.805,0.243,34852,0.024,0.309,0.089,41.9,318.2,,54.4,0.126,0.065,18.5,8.41,0.177,0.074,8610,0.083,86,49624,0.356,,0.127
KS,Harvey County,0.134,,,,,,,,,,,,,,,,,,,,,,,,,,,,,,,4.338,0.223,19.798,359.65,80.4,9.93,0,0.107,0.795,0.244,34741,0.026,0.309,0.097,41.9,317.8,,62.6,0.128,0.065,18.3,7.49,0.164,0.068,8294,0.083,98,54135,0.35,,
KS,Haskell County,0.194,,,,,,,,,,,,,,,,,,,,,,,,,,,,,,,,0.13,,,,12.36,0.006,0.094,0.816,0.232,4256,0.043,1,0.098,,369.5,,,0.102,0.392,50.93,,0.232,0.127,8898,,70,53430,0.52,,
KS,Haskell County,0.216,,,,,,,,,,,,,,,,,,,,,,,,,,,,,,,3.348,0.161,25.846,232.18,85.2,12.36,0.012,0.068,0.805,0.221,4141,0.053,1,0.089,,314.8,,,0.098,0.392,44.06,,0.26,0.137,10244,,72,53076,0.528,,
KS,Jackson County,0.144,,,,,,,,,,,,,,,,,,,,,,,,,,,,,,,,0.273,,251.63,74.9,8.48,0,0.12,0.765,0.344,13449,0.005,0.759,0.108,,401.4,,,0.122,0.044,33.26,,0.176,0.075,9259,0.176,30,50943,0.307,,0.163
KS,Jackson County,0.139,,,,,,,,,,,,,,,,,,,,,,,,,,,,,,,3.655,0.303,11.897,203.84,77.7,8.48,0,0.106,0.779,0.359,13366,0.005,0.759,0.112,,371.3,,,0.126,0.044,25.63,,0.165,0.085,9489,0.176,52,50661,0.309,,
KS,Jefferson County,0.122,,,,,,,,,,,,,,,,,,,,,,,,,,,,,,,,0.207,,197.14,74.5,8.23,0.151,0.097,0.798,0.439,18945,0.003,0.988,0.107,69.1,303.7,,63.1,0.111,0.041,26.22,,0.143,0.075,9012,0.11,58,55057,0.277,,0.104
KS,Jefferson County,0.137,,,,,,,,,,,,,,,,,,,,,,,,,,,,,,,3.561,0.19,13.724,200.31,77.8,8.23,0.123,0.088,0.811,0.422,18813,0.003,0.988,0.099,69.1,371.5,,76,0.113,0.041,28.53,7.51,0.156,0.091,9225,0.11,43,54890,0.259,,
KS,Jewell County,0.176,,,,,,,,,,,,,,,,,,,,,,,,,,,,,,,,0.161,,,,11.22,0,0.089,0.74,0.213,3046,0,1,0.129,,302.8,,,0.107,0.107,,,0.2,0.108,9931,,66,34195,0.266,,
KS,Jewell County,0.164,,,,,,,,,,,,,,,,,,,,,,,,,,,,,,,3.961,0.167,29.547,,64.8,11.22,0,0.099,0.764,0.202,3046,0.002,1,0.141,,272.2,,,0.12,0.107,,,0.187,0.1,9690,,66,41924,0.368,,
KS,Johnson County,0.099,,,,,,,,,,,,,,,,,,,,,,,,,,,,,,,,0.21,,176.31,37.5,8.54,0.002,0.103,0.849,0.213,559913,0.019,0.038,0.067,126.7,236.6,5.5,47.1,0.117,0.029,7.36,7.03,0.121,0.048,9564,0.077,61,73712,0.171,1.75,0.122
KS,Johnson County,0.096,,,,,,,,,,,,,,,,,,,,,,,,,,,,,,,3.93,0.219,8.608,164.68,39.2,8.54,0.002,0.112,0.851,0.219,566933,0.019,0.038,0.07,126.7,221.2,5.7,38.6,0.117,0.029,6.56,7.54,0.118,0.046,9523,0.077,69,74135,0.187,1.6,
KS,Kearny County,0.215,,,,,,,,,,,,,,,,,,,,,,,,,,,,,,,,0.307,,,,12.76,0.38,0.136,0.837,0.247,3968,0.067,1,0.097,,285.4,,,0.098,0.027,42.58,,0.247,0.157,10160,,25,50626,0.492,,0.185
KS,Kearny County,0.201,,,,,,,,,,,,,,,,,,,,,,,,,,,,,,,3.044,0.257,17.641,299.48,106.2,12.76,0.377,0.09,0.815,0.28,3923,0.069,1,0.111,,424.8,,,0.099,0.027,46.83,,0.239,0.132,9751,,102,54399,0.482,,
KS,Kingman County,0.143,,,,,,,,,,,,,,,,,,,,,,,,,,,,,,,,0.302,,120.51,70.4,10.43,0.103,0.095,0.792,0.427,7863,0.002,0.621,0.116,,294.3,,,0.119,0.09,28.34,,0.172,0.075,11365,0.095,127,49431,0.345,,0.137
KS,Kingman County,0.134,,,,,,,,,,,,,,,,,,,,,,,,,,,,,,,3.607,0.319,22.892,155.4,99.1,10.43,0.102,0.113,0.774,0.402,7844,0.002,0.621,0.12,,318,,,0.129,0.09,30.64,,0.161,0.072,12193,0.095,115,51281,0.35,,
KS,Kiowa County,0.147,,,,,,,,,,,,,,,,,,,,,,,,,,,,,,,5.082,0.267,56.09,52.06,119.9,11.46,0.548,0.064,0.729,0.133,2523,0.002,1,0.1,,294.7,,,0.13,0.417,,,0.17,0.09,9321,,198,45417,0.29,,
KS,Labette County,0.147,,,,,,,,,,,,,,,,,,,,,,,,,,,,,,,,0.368,,580.2,78.9,8.59,0.031,0.099,0.831,0.19,21284,0.005,0.523,0.115,65.2,430,,74.6,0.16,0.061,22.9,11.78,0.181,0.063,9040,0.162,42,36715,0.478,,0.193
KS,Labette County,0.144,,,,,,,,,,,,,,,,,,,,,,,,,,,,,,,4.204,0.314,16.914,507.91,88.9,8.59,0.357,0.1,0.838,0.195,20916,0.005,0.523,0.12,65.2,468,,96.1,0.162,0.061,25.03,12.52,0.177,0.067,9345,0.162,57,38542,0.447,,
KS,Lane County,0.171,,,,,,,,,,,,,,,,,,,,,,,,,,,,,,,4.779,0.188,58.685,151.83,137.3,12.6,0,0.102,0.78,0.108,1720,0.003,1,0.119,,383.6,,,0.113,0.365,,,0.194,0.11,11336,,174,52915,0.272,,
KS,Leavenworth County,0.1,,,,,,,,,,,,,,,,,,,,,,,,,,,,,,,,0.278,,476.94,48.8,8.42,0.032,0.124,0.814,0.339,77739,0.009,0.291,0.094,178.8,346.1,6.5,43.6,0.148,0.052,14.54,9.69,0.124,0.049,9901,0.093,73,59662,0.244,2.13,0.13
KS,Leavenworth County,0.107,,,,,,,,,,,,,,,,,,,,,,,,,,,,,,,4.376,0.269,7.718,455.52,54.3,8.42,0,0.122,0.821,0.345,78185,0.009,0.291,0.091,178.8,340.8,6.1,36.9,0.145,0.052,12.32,11.75,0.13,0.054,9314,0.093,69,65424,0.27,3.4,
KS,Lincoln County,0.184,,,,,,,,,,,,,,,,,,,,,,,,,,,,,,,,0.382,,71.91,,11.15,0.089,0.076,0.827,0.276,3174,0.006,1,0.107,,389.9,,,0.114,0.086,,,0.214,0.11,15081,,63,42847,0.366,,0.206
KS,Lincoln County,0.176,,,,,,,,,,,,,,,,,,,,,,,,,,,,,,,3.751,0.347,31.506,71.91,74,11.15,0.444,0.08,0.807,0.285,3147,0.013,1,0.108,,396.9,,,0.123,0.086,,,0.202,0.114,16931,,64,42521,0.311,,
KS,Linn County,0.159,,,,,,,,,,,,,,,,,,,,,,,,,,,,,,,,0.268,,290.95,87.9,8.45,0.157,0.114,0.791,0.418,9441,0.003,1,0.107,,452.7,,,0.145,0.105,24.71,,0.191,0.082,10015,0.146,42,43726,0.425,,0.182
KS,Linn County,0.157,,,,,,,,,,,,,,,,,,,,,,,,,,,,,,,3.996,0.307,11.651,248.45,83.1,8.45,0.136,0.116,0.804,0.449,9516,0.002,1,0.111,,374.4,,,0.136,0.105,27.95,,0.183,0.095,8434,0.146,32,44036,0.41,,
KS,Logan County,0.17,,,,,,,,,,,,,,,,,,,,,,,,,,,,,,,,0.204,,222.77,,13.12,0,0.12,0.745,0.133,2784,0.004,1,0.124,,424.2,,,0.108,0.06,,,0.195,0.108,11563,,216,45933,0.343,,
KS,Logan County,0.165,,,,,,,,,,,,,,,,,,,,,,,,,,,,,,,5.043,0.275,39.511,144.67,86.8,13.12,0,0.121,0.744,0.131,2798,0.012,1,0.131,,389.4,,,0.119,0.06,,,0.191,0.1,13307,,250,46375,0.321,,
KS,Lyon County,0.193,,,,,,,,,,,,,,,,,,,,,,,,,,,,,,,,0.326,,284.6,58.3,8.75,0,0.191,0.752,0.109,33748,0.041,0.263,0.084,35.1,303.2,,68.8,0.159,0.03,17.42,4.05,0.236,0.085,8415,0.104,39,39195,0.518,,0.201
KS,Lyon County,0.19,,,,,,,,,,,,,,,,,,,,,,,,,,,,,,,4.545,0.314,12.149,265.72,63.3,8.75,0.038,0.18,0.767,0.112,33510,0.042,0.263,0.093,35.1,355.1,5.9,85.4,0.153,0.03,14.44,,0.227,0.094,8637,0.104,45,39483,0.539,,
KS,Marion County,0.145,,,,,,,,,,,,,,,,,,,,,,,,,,,,,,,,0.23,,148.63,80.4,9.7,0.12,0.082,0.743,0.276,12347,0.002,0.778,0.097,,274.3,,103.5,0.114,0.083,36.85,,0.176,0.073,8647,0.108,32,45243,0.31,,0.139
KS,Marion County,0.142,,,,,,,,,,,,,,,,,,,,,,,,,,,,,,,3.61,0.205,31.587,112.11,89.1,9.7,0,0.085,0.731,0.249,12219,0.002,0.778,0.097,,307.4,,89.4,0.124,0.083,29.43,,0.171,0.073,9004,0.108,33,45319,0.322,,
KS,Marshall County,0.132,,,,,,,,,,,,,,,,,,,,,,,,,,,,,,,,0.208,,95.84,57.2,9.31,0.009,0.1,0.771,0.118,10022,0.004,0.71,0.108,,309.3,,,0.116,0.042,21.03,,0.159,0.066,9039,0.108,70,44693,0.302,,0.2
KS,Marshall County,0.122,,,,,,,,,,,,,,,,,,,,,,,,,,,,,,,4.235,0.228,24.945,118.27,55.5,9.31,0,0.103,0.775,0.117,10002,0.003,0.71,0.118,,305.7,,,0.123,0.042,18.37,,0.146,0.063,9423,0.108,70,50087,0.272,,
KS,McPherson County,0.124,,,,,,,,,,,,,,,,,,,,,,,,,,,,,,,,0.22,,206.5,67.8,10.29,0,0.079,0.781,0.125,29356,0.004,0.435,0.096,40.9,315.7,,50.4,0.107,0.075,17.6,,0.153,0.055,8758,0.048,34,53969,0.242,,0.117
KS,McPherson County,0.116,,,,,,,,,,,,,,,,,,,,,,,,,,,,,,,3.644,0.258,24.186,201.42,71.2,10.29,0,0.079,0.801,0.122,29569,0.003,0.435,0.092,40.9,329.5,8.7,54.7,0.112,0.075,17.6,,0.139,0.063,8273,0.048,37,52734,0.278,,
KS,Meade County,0.183,,,,,,,,,,,,,,,,,,,,,,,,,,,,,,,,0.197,,393.44,,11.78,0,0.093,0.778,0.176,4396,0.028,1,0.109,,329.1,,,0.105,0.195,,,0.218,0.115,12475,,159,50863,0.387,,0.151
KS,Meade County,0.174,,,,,,,,,,,,,,,,,,,,,,,,,,,,,,,3.078,0.214,38.672,580.57,57.8,11.78,0,0.088,0.791,0.161,4343,0.032,1,0.112,,314.5,,,0.111,0.195,,,0.208,0.106,10237,,161,53942,0.561,,
KS,Miami County,0.109,,,,,,,,,,,,,,,,,,,,,,,,,,,,,,,,0.273,,169.94,61.7,8.49,0,0.117,0.815,0.512,32612,0.002,0.51,0.087,33.8,335.1,,48.5,0.121,0.027,18.07,7.68,0.135,0.054,9481,0.128,18,64629,0.281,,0.16
KS,Miami County,0.106,,,,,,,,,,,,,,,,,,,,,,,,,,,,,,,4.081,0.288,13.185,182.44,58.4,8.49,0,0.132,0.823,0.506,32835,0.003,0.51,0.093,33.8,339.6,,43.2,0.121,0.027,17.71,10.18,0.127,0.063,9376,0.128,30,59706,0.217,,
KS,Mitchell County,0.126,,,,,,,,,,,,,,,,,,,,,,,,,,,,,,,,0.224,,258.76,106.5,11.16,0.432,0.071,0.82,0.079,6355,0.002,0.483,0.107,,390.9,,,0.109,0.063,22.26,,0.151,0.066,11400,0.099,47,46204,0.296,,0.097
KS,Mitchell County,0.127,,,,,,,,,,,,,,,,,,,,,,,,,,,,,,,4.008,0.282,28.324,313.55,97.4,11.16,0.45,0.076,0.817,0.061,6378,0.001,0.483,0.107,,351.9,,,0.11,0.063,29.16,,0.149,0.075,11441,0.099,31,46181,0.228,,
KS,Montgomery County,0.163,,,,,,,,,,,,,,,,,,,,,,,,,,,,,,,,0.355,,434.53,89.1,8.63,0.009,0.113,0.818,0.161,34459,0.008,0.434,0.122,50.4,466.3,10.1,44.3,0.166,0.028,27.07,14.14,0.201,0.074,9381,0.163,90,39553,0.478,4.44,0.162
KS,Montgomery County,0.16,,,,,,,,,,,,,,,,,,,,,,,,,,,,,,,4.783,0.373,22.345,504.44,88.7,8.63,0.148,0.126,0.821,0.151,34292,0.008,0.434,0.137,50.4,441,6.1,48.1,0.161,0.028,25.94,14.59,0.193,0.082,9282,0.163,96,39045,0.488,5.1,
KS,Morris County,0.148,,,,,,,,,,,,,,,,,,,,,,,,,,,,,,,,0.236,,178.58,,9.35,0.252,0.113,0.82,0.303,5854,0.008,1,0.112,,312,,,0.124,0.091,28.85,,0.171,0.087,10688,0.149,,42765,0.287,,0.144
KS,Morris County,0.157,,,,,,,,,,,,,,,,,,,,,,,,,,,,,,,3.827,0.204,27.332,168.52,77.6,9.35,0.503,0.084,0.797,0.314,5741,0.003,1,0.097,,378,,,0.125,0.091,31.34,,0.182,0.092,10307,0.149,,46404,0.259,,
KS,Morton County,0.173,,,,,,,,,,,,,,,,,,,,,,,,,,,,,,,,0.261,,424.76,,12.4,0,0.043,0.825,0.073,3169,0.04,1,0.102,,340.3,,,0.095,0.064,,,0.203,0.109,9937,,95,52950,0.45,,
KS,Morton County,0.171,,,,,,,,,,,,,,,,,,,,,,,,,,,,,,,3.367,0.334,34.711,334.66,81,12.4,0,0.066,0.802,0.074,3143,0.034,1,0.102,,394.2,,,0.111,0.064,,,0.205,0.1,8373,,127,51157,0.441,,
KS,Nemaha County,0.124,,,,,,,,,,,,,,,,,,,,,,,,,,,,,,,,0.197,,164.03,97.5,8.76,0,0.075,0.776,0.115,10132,0.002,0.752,0.115,,293,,,0.105,0.05,27.76,,0.154,0.066,8922,0.08,30,50077,0.2,,0.183
KS,Nemaha County,0.114,,,,,,,,,,,,,,,,,,,,,,,,,,,,,,,4.084,0.196,15.792,140.59,86.5,8.76,0,0.071,0.771,0.128,10161,0.003,0.752,0.108,,296.1,,,0.118,0.05,22.37,,0.14,0.063,9087,0.08,30,50006,0.23,,
KS,Neosho County,0.149,,,,,,,,,,,,,,,,,,,,,,,,,,,,,,,,0.292,,253.6,81,8.14,0.016,0.089,0.8,0.168,16406,0.012,0.451,0.119,,419.4,,121.6,0.148,0.088,29.32,8.62,0.185,0.068,10357,0.147,91,40541,0.465,,0.202
KS,Neosho County,0.149,,,,,,,,,,,,,,,,,,,,,,,,,,,,,,,4.416,0.329,20.724,235.59,80,8.14,0.016,0.092,0.807,0.191,16430,0.011,0.451,0.12,,392.9,,111,0.153,0.088,23.36,12.11,0.182,0.076,10156,0.147,79,41877,0.539,,
KS,Ness County,0.162,,,,,,,,,,,,,,,,,,,,,,,,,,,,,,,,0.271,,186.16,147.4,12.36,0,0.047,0.752,0.098,3068,0.015,1,0.118,,322.7,,,0.088,0.064,54.55,,0.183,0.109,10994,,33,49541,0.315,,0.176
KS,Ness County,0.157,,,,,,,,,,,,,,,,,,,,,,,,,,,,,,,3.897,0.441,29.335,149.41,122.5,12.36,0.048,0.037,0.75,0.092,3073,0.013,1,0.113,,267.7,,,0.098,0.064,45.89,,0.176,0.112,11228,,65,49432,0.362,,
KS,Norton County,0.133,,,,,,,,,,,,,,,,,,,,,,,,,,,,,,,,0.337,,89.86,80.8,12.65,0.327,0.153,0.778,0.084,5612,0.009,0.49,0.094,102.3,399.9,,,0.123,0.119,,,0.16,0.07,9752,0.075,36,42202,0.313,,0.136
KS,Norton County,0.129,,,,,,,,,,,,,,,,,,,,,,,,,,,,,,,3.917,0.436,32.074,99.75,102.6,12.65,0.056,0.157,0.806,0.101,5622,0.012,0.49,0.103,102.3,309.8,,,0.123,0.119,,,0.154,0.068,9103,0.075,36,42389,0.317,,
KS,Osage County,0.124,,,,,,,,,,,,,,,,,,,,,,,,,,,,,,,,0.263,,232.06,103.5,8.32,0.02,0.117,0.805,0.46,16142,0.002,0.835,0.119,66.2,364.8,,84.3,0.135,0.043,38.85,11.22,0.15,0.064,8653,0.109,25,46706,0.331,,0.161
KS,Osage County,0.125,,,,,,,,,,,,,,,,,,,,,,,,,,,,,,,3.865,0.262,12.39,245.96,101.9,8.32,0.04,0.11,0.812,0.462,16142,0.002,0.835,0.128,66.2,340.6,,87,0.13,0.043,34.91,12.22,0.15,0.067,8730,0.109,31,48991,0.339,,
KS,Osborne County,0.171,,,,,,,,,,,,,,,,,,,,,,,,,,,,,,,,0.224,,192.18,,11.79,0.15,0.107,0.776,0.14,3806,0.005,1,0.124,,254.5,,,0.114,0.104,,,0.201,0.093,10889,0.095,79,39468,0.407,,0.201
KS,Osborne County,0.17,,,,,,,,,,,,,,,,,,,,,,,,,,,,,,,4.421,0.185,31.529,123.2,57,11.79,0,0.106,0.8,0.131,3818,0.004,1,0.12,,361.4,,,0.124,0.104,36.76,,0.197,0.101,10586,0.095,79,38493,0.528,,
KS,Ottawa County,0.137,,,,,,,,,,,,,,,,,,,,,,,,,,,,,,,,0.186,,224.69,,10.55,0,0.043,0.786,0.391,6072,0.001,1,0.102,,335,,,0.113,0.071,,,0.163,0.079,10643,0.076,33,48266,0.263,,0.166
KS,Ottawa County,0.138,,,,,,,,,,,,,,,,,,,,,,,,,,,,,,,3.15,0.176,18.116,212.75,62.2,10.55,0,0.051,0.778,0.379,6042,0,1,0.112,,354.4,,,0.117,0.071,,,0.165,0.08,9203,0.076,33,52041,0.302,,
KS,Pawnee County,0.136,,,,,,,,,,,,,,,,,,,,,,,,,,,,,,,,0.218,,312,95.4,11.79,0,0.065,0.743,0.12,6928,0.005,0.317,0.104,,389.6,,,0.111,0.049,,,0.165,0.065,10783,0.083,115,43901,0.429,,0.196
KS,Pawnee County,0.129,,,,,,,,,,,,,,,,,,,,,,,,,,,,,,,3.963,0.218,20.208,294.72,103.8,11.79,0.138,0.097,0.797,0.134,6971,0.019,0.317,0.104,,383.1,,,0.122,0.049,,,0.156,0.064,11423,0.083,115,45331,0.425,,
KS,Phillips County,0.149,,,,,,,,,,,,,,,,,,,,,,,,,,,,,,,,0.393,,54.23,,12.43,0.03,0.056,0.757,0.125,5519,0.001,0.538,0.108,,345.3,,,0.114,0.094,32.99,,0.18,0.078,11073,,36,43519,0.357,,0.154
KS,Phillips County,0.139,,,,,,,,,,,,,,,,,,,,,,,,,,,,,,,3.432,0.405,30.803,82.83,78.8,12.43,0.059,0.069,0.767,0.123,5540,0.002,0.538,0.12,,367.3,,,0.119,0.094,28.15,,0.166,0.077,10665,,54,44080,0.449,,
KS,Pottawatomie County,0.12,,,,,,,,,,,,,,,,,,,,,,,,,,,,,,,,0.168,,209.33,61.7,9.09,0,0.111,0.789,0.249,22302,0.009,0.589,0.103,47.9,277.6,,48.6,0.105,0.059,19.66,7.72,0.149,0.064,9816,0.101,27,56891,0.239,,0.151
KS,Pottawatomie County,0.121,,,,,,,,,,,,,,,,,,,,,,,,,,,,,,,3.801,0.165,10.761,213.79,55.6,9.09,0,0.111,0.795,0.256,22691,0.008,0.589,0.125,47.9,257.3,,,0.115,0.059,16.89,7.43,0.148,0.07,10112,0.101,26,59856,0.189,,
KS,Pratt County,0.154,,,,,,,,,,,,,,,,,,,,,,,,,,,,,,,,0.219,,309.35,57.9,11.04,0,0.102,0.823,0.12,9728,0.012,0.322,0.097,,357,,,0.113,0.058,,,0.188,0.071,9521,0.171,93,47220,0.331,,0.151
KS,Pratt County,0.14,,,,,,,,,,,,,,,,,,,,,,,,,,,,,,,4.442,0.215,26.727,340.23,90.9,11.04,0.006,0.092,0.821,0.124,9878,0.013,0.322,0.096,,413.6,,,0.128,0.058,14.76,,0.169,0.069,7838,0.171,121,50970,0.288,,
KS,Rawlins County,0.172,,,,,,,,,,,,,,,,,,,,,,,,,,,,,,,,0.264,,53.23,,13.05,0.4,0.055,0.687,0.092,2560,0.005,1,0.118,,405.4,,,0.116,0.122,,,0.194,0.111,11452,,156,44563,0.313,,0.126
KS,Rawlins County,0.168,,,,,,,,,,,,,,,,,,,,,,,,,,,,,,,3.791,0.146,42.969,92.36,,13.05,0,0.054,0.668,0.111,2589,0.005,1,0.128,,319.4,,,0.125,0.122,,,0.19,0.106,10510,,193,45901,0.354,,
KS,Reno County,0.143,,,,,,,,,,,,,,,,,,,,,,,,,,,,,,,,0.331,,445,79.3,10.54,0.04,0.123,0.812,0.162,64438,0.008,0.313,0.116,47.5,369.5,6.3,64.6,0.133,0.089,19.43,10.05,0.177,0.063,8974,0.107,78,43094,0.418,2.46,0.144
KS,Reno County,0.146,,,,,,,,,,,,,,,,,,,,,,,,,,,,,,,3.926,0.308,15.208,440.32,85.2,10.54,0.023,0.122,0.815,0.157,64190,0.008,0.313,0.114,47.5,392.6,6.9,67.6,0.136,0.089,20.26,9.35,0.181,0.065,9172,0.107,84,44099,0.421,3.2,
KS,Republic County,0.154,,,,,,,,,,,,,,,,,,,,,,,,,,,,,,,,0.272,,95.17,,10.54,0,0.099,0.752,0.176,4858,0,1,0.112,,293,,,0.105,0.084,,,0.177,0.093,8849,,103,39085,0.36,,0.122
KS,Republic County,0.158,,,,,,,,,,,,,,,,,,,,,,,,,,,,,,,4.028,0.279,45.286,107.21,76.4,10.54,0,0.098,0.767,0.189,4820,0,1,0.115,,365.2,,,0.12,0.084,,,0.18,0.101,9121,,104,39819,0.365,,
KS,Rice County,0.16,,,,,,,,,,,,,,,,,,,,,,,,,,,,,,,,0.302,,162.1,110.6,10.84,0.005,0.111,0.761,0.24,9985,0.014,0.638,0.113,,378.5,,,0.121,0.065,19.57,,0.194,0.083,10106,0.166,40,44833,0.435,,0.181
KS,Rice County,0.15,,,,,,,,,,,,,,,,,,,,,,,,,,,,,,,3.983,0.288,22.033,125.18,89.3,10.84,0.009,0.093,0.75,0.208,10011,0.014,0.638,0.117,,410.6,,,0.126,0.065,24.05,,0.18,0.083,9981,0.166,40,45389,0.415,,
KS,Riley County,0.139,,,,,,,,,,,,,,,,,,,,,,,,,,,,,,,,0.222,,280.76,33.9,9.52,0.004,0.229,0.685,0.14,75508,0.01,0.138,0.064,58.8,251.5,7.3,61.4,0.184,0.217,6.54,4.85,0.161,0.069,8259,0.059,66,43574,0.231,,0.133
KS,Riley County,0.126,,,,,,,,,,,,,,,,,,,,,,,,,,,,,,,5.143,0.24,11.39,262.44,35.4,9.52,0.004,0.244,0.703,0.14,75394,0.011,0.138,0.06,58.8,244.8,7.2,60.5,0.184,0.217,5.47,5.88,0.142,0.072,7799,0.059,73,46267,0.273,,
KS,Rooks County,0.166,,,,,,,,,,,,,,,,,,,,,,,,,,,,,,,,0.275,,59.63,91.6,12.4,0.085,0.094,0.782,0.178,5223,0.002,1,0.116,,318.5,,,0.13,0.056,40.58,,0.196,0.095,9338,0.119,57,41363,0.31,,0.112
KS,Rooks County,0.146,,,,,,,,,,,,,,,,,,,,,,,,,,,,,,,4.057,0.285,21.061,58.78,88.4,12.4,0,0.08,0.802,0.174,5190,0.003,1,0.113,,403.7,,,0.139,0.056,38.23,,0.171,0.087,9082,0.119,58,40870,0.331,,
KS,Rush County,0.161,,,,,,,,,,,,,,,,,,,,,,,,,,,,,,,,0.106,,182.96,,12.07,0.061,0.075,0.746,0.307,3220,0.001,1,0.103,,361.1,,,0.118,0.388,42.99,,0.186,0.086,9417,,124,40415,0.35,,
KS,Rush County,0.147,,,,,,,,,,,,,,,,,,,,,,,,,,,,,,,3.701,0.122,21.739,182,110.2,12.07,0.049,0.073,0.766,0.301,3186,0.001,1,0.105,,429.6,,,0.132,0.388,,,0.169,0.084,10397,,126,42867,0.314,,
KS,Russell County,0.174,,,,,,,,,,,,,,,,,,,,,,,,,,,,,,,,0.249,,413.46,83.9,11.73,0.054,0.092,0.754,0.148,6946,0.012,0.411,0.122,,363.6,,,0.121,0.094,,,0.209,0.084,11139,,72,36614,0.388,,0.166
KS,Russell County,0.162,,,,,,,,,,,,,,,,,,,,,,,,,,,,,,,4.169,0.283,25.914,376.62,109.8,11.73,0.027,0.112,0.766,0.153,6933,0.007,0.411,0.13,,430.6,,,0.124,0.094,26.83,,0.193,0.081,11480,,72,39520,0.426,,
KS,Saline County,0.152,,,,,,,,,,,,,,,,,,,,,,,,,,,,,,,,0.346,,361.27,62.2,10.45,0.007,0.126,0.816,0.083,55988,0.02,0.146,0.102,58.4,351.9,9.5,69.1,0.141,0.051,9.39,9.65,0.189,0.065,8432,0.129,63,45225,0.423,4.7,0.173
KS,Saline County,0.155,,,,,,,,,,,,,,,,,,,,,,,,,,,,,,,3.914,0.385,15.718,364.66,67,10.45,0.007,0.133,0.827,0.078,55740,0.017,0.146,0.109,58.4,372.7,9.3,54,0.145,0.051,10.35,10.09,0.19,0.074,8607,0.129,63,48505,0.425,5.2,
KS,Scott County,0.168,,,,,,,,,,,,,,,,,,,,,,,,,,,,,,,,0.02,,221.74,96.1,12.8,1,0.129,0.827,0.191,4937,0.092,0.261,0.089,,353.9,,,0.084,0.011,50.87,,0.199,0.099,11514,,81,51245,0.384,,0.178
KS,Scott County,0.162,,,,,,,,,,,,,,,,,,,,,,,,,,,,,,,3.465,0.016,30.383,262.84,135.6,12.8,1,0.127,0.851,0.211,5035,0.071,0.261,0.094,,417.9,,241.1,0.094,0.011,32.56,,0.192,0.097,13638,,119,51013,0.385,,
KS,Sedgwick County,0.155,,,,,,,,,,,,,,,,,,,,,,,,,,,,,,,,0.339,,682.75,65.2,9.84,0.047,0.142,0.852,0.141,503889,0.029,0.077,0.099,176.8,378.8,8,73.2,0.159,0.094,13,13.75,0.197,0.062,9274,0.121,95,47649,0.476,5.95,0.163
KS,Sedgwick County,0.162,,,,,,,,,,,,,,,,,,,,,,,,,,,,,,,4.472,0.338,9.843,647.87,65.2,9.84,0.036,0.139,0.856,0.145,505415,0.028,0.077,0.099,176.8,374.8,8.1,67.4,0.154,0.094,11.91,13.1,0.202,0.076,9176,0.121,104,48671,0.491,5.9,
KS,Seward County,0.238,,,,,,,,,,,,,,,,,,,,,,,,,,,,,,,,0.359,,416.52,58.5,11.96,0,0.18,0.724,0.101,23547,0.195,0.114,0.078,147.9,368.1,7.8,82.8,0.125,0.223,29.8,,0.317,0.097,8445,0.128,8,47801,0.653,,0.21
KS,Seward County,0.233,,,,,,,,,,,,,,,,,,,,,,,,,,,,,,,3.496,0.352,12.74,372.68,65.2,11.96,0,0.176,0.72,0.09,23390,0.208,0.114,0.087,147.9,334.7,6.5,53.5,0.109,0.223,29.42,,0.309,0.102,7992,0.128,26,45349,0.634,,
KS,Shawnee County,0.139,,,,,,,,,,,,,,,,,,,,,,,,,,,,,,,,0.391,,449.88,66.2,8.41,0,0.138,0.827,0.118,178991,0.014,0.158,0.106,119.4,375,8.4,68.9,0.154,0.097,10,12.7,0.171,0.063,9147,0.103,107,48122,0.431,6.64,0.17
KS,Shawnee County,0.144,,,,,,,,,,,,,,,,,,,,,,,,,,,,,,,4.392,0.367,17.096,454.82,70.6,8.41,0.007,0.139,0.827,0.117,178831,0.014,0.158,0.101,119.4,375.2,8.7,62.5,0.155,0.097,9.71,12.31,0.175,0.07,9146,0.103,124,50042,0.45,8.8,
KS,Sheridan County,0.148,,,,,,,,,,,,,,,,,,,,,,,,,,,,,,,,0.152,,0,,12.88,0,0.059,0.787,0.159,2538,0.002,1,0.105,,296,,,0.108,0.365,,,0.171,0.097,10250,,158,50601,0.261,,0.043
KS,Sheridan County,0.141,,,,,,,,,,,,,,,,,,,,,,,,,,,,,,,4.304,0.225,43.341,0,,12.88,0,0.051,0.822,0.141,2553,0.007,1,0.108,,303.4,,,0.115,0.365,,,0.162,0.096,11474,,196,50961,0.2,,
KS,Sherman County,0.178,,,,,,,,,,,,,,,,,,,,,,,,,,,,,,,,0.332,,201.92,66.6,13.34,0,0.121,0.714,0.078,6113,0.008,0.242,0.119,,366.8,,,0.132,0.277,42.5,,0.215,0.083,11471,0.089,147,39160,0.371,,
KS,Sherman County,0.174,,,,,,,,,,,,,,,,,,,,,,,,,,,,,,,3.944,0.271,24.538,230.07,89.4,13.34,0,0.142,0.699,0.095,6115,0.006,0.242,0.111,,351.6,,,0.143,0.277,37.93,,0.211,0.082,10149,0.089,147,38025,0.357,,
KS,Smith County,0.157,,,,,,,,,,,,,,,,,,,,,,,,,,,,,,,,0.268,,179.69,,11.89,0.121,0.085,0.774,0.142,3765,0.001,1,0.111,,360.7,,,0.11,0.125,,,0.183,0.086,8750,0.102,53,40075,0.32,,0.081
KS,Smith County,0.16,,,,,,,,,,,,,,,,,,,,,,,,,,,,,,,4.303,0.278,42.497,,109.3,11.89,0.165,0.088,0.728,0.137,3706,0.001,1,0.116,,402.7,,,0.124,0.125,,,0.184,0.096,9291,0.102,54,39696,0.267,,
KS,Stafford County,0.208,,,,,,,,,,,,,,,,,,,,,,,,,,,,,,,,0.197,,202.2,99.3,11.2,0.448,0.07,0.734,0.257,4358,0.022,1,0.115,,344.1,,,0.111,0.103,41.8,,0.243,0.127,9657,0.224,46,43240,0.441,,0.164
KS,Stafford County,0.211,,,,,,,,,,,,,,,,,,,,,,,,,,,,,,,3.536,0.178,45.893,195.56,122.8,11.2,0.225,0.086,0.715,0.27,4359,0.02,1,0.105,,390.1,,,0.116,0.103,42.08,,0.247,0.129,8616,0.224,46,42430,0.45,,
KS,Stevens County,0.215,,,,,,,,,,,,,,,,,,,,,,,,,,,,,,,,0.104,,25.53,104.9,12.17,0,0.1,0.784,0.247,5756,0.084,0.312,0.103,,348.7,,,0.118,0.074,61.77,,0.263,0.127,9525,0.077,17,53045,0.424,,0.193
KS,Stevens County,0.194,,,,,,,,,,,,,,,,,,,,,,,,,,,,,,,4.354,0.099,15.636,34.24,92.4,12.17,0,0.112,0.788,0.234,5816,0.076,0.312,0.105,,279.5,,,0.1,0.074,43.59,,0.238,0.112,9696,0.077,34,57483,0.43,,
KS,Sumner County,0.132,,,,,,,,,,,,,,,,,,,,,,,,,,,,,,,,0.231,,289.65,84.1,9.87,0.491,0.099,0.819,0.368,23674,0.001,0.629,0.124,75.6,397.2,,62.6,0.133,0.079,20.44,12.85,0.163,0.065,7561,0.134,25,49535,0.348,,0.158
KS,Sumner County,0.129,,,,,,,,,,,,,,,,,,,,,,,,,,,,,,,3.969,0.219,18.163,248.31,92.5,9.87,0.317,0.108,0.813,0.378,23591,0.004,0.629,0.134,75.6,428.6,,68.5,0.135,0.079,20.74,16.59,0.156,0.07,8279,0.134,30,50844,0.363,,
KS,Thomas County,0.151,,,,,,,,,,,,,,,,,,,,,,,,,,,,,,,,0.263,,273.43,87.8,13.1,0.052,0.074,0.772,0.099,7941,0.01,0.308,0.09,,385.9,,177.9,0.113,0.149,27.56,,0.182,0.07,11745,0.075,113,48982,0.312,,0.121
KS,Thomas County,0.131,,,,,,,,,,,,,,,,,,,,,,,,,,,,,,,6.089,0.233,30.223,259.76,84.1,13.1,0.051,0.082,0.761,0.08,7948,0.008,0.308,0.088,,287.5,,,0.125,0.149,20.12,,0.158,0.066,10403,0.075,126,47654,0.348,,
KS,Trego County,0.148,,,,,,,,,,,,,,,,,,,,,,,,,,,,,,,,0.081,,135.38,,12.61,0,0.098,0.784,0.182,2986,0.001,1,0.103,,323.6,,,0.102,0.076,,,0.169,0.084,16619,,67,46693,0.207,,0.164
KS,Trego County,0.142,,,,,,,,,,,,,,,,,,,,,,,,,,,,,,,3.231,0.121,26.792,156.15,101,12.61,0,0.094,0.794,0.19,2980,0.001,1,0.106,,457.4,,,0.107,0.076,,,0.162,0.085,15402,,67,43668,0.235,,
KS,Wabaunsee County,0.121,,,,,,,,,,,,,,,,,,,,,,,,,,,,,,,,0.202,,235.72,88.5,8.89,0,0.069,0.817,0.445,7039,0.004,1,0.1,,317.4,,,0.106,0.192,22.55,,0.143,0.075,8186,0.083,,54375,0.224,,0.141
KS,Wabaunsee County,0.125,,,,,,,,,,,,,,,,,,,,,,,,,,,,,,,3.283,0.197,21.31,197.73,90.8,8.89,0,0.081,0.781,0.453,7051,0.004,1,0.103,,419.8,,,0.106,0.192,22.4,,0.147,0.079,8272,0.083,,54414,0.255,,
KS,Washington County,0.174,,,,,,,,,,,,,,,,,,,,,,,,,,,,,,,,0.116,,86.4,71.8,9.92,0.256,0.078,0.696,0.218,5758,0.014,1,0.107,,308.5,,,0.112,0.175,26.6,,0.204,0.104,9652,,,43889,0.262,,0.209
KS,Washington County,0.164,,,,,,,,,,,,,,,,,,,,,,,,,,,,,,,4.025,0.144,39.944,85.67,68.9,9.92,0.015,0.08,0.709,0.213,5629,0.015,1,0.11,,269,,,0.116,0.175,26.92,,0.19,0.104,9413,,,43897,0.269,,
KS,Wichita County,0.221,,,,,,,,,,,,,,,,,,,,,,,,,,,,,,,,0.341,,288.1,,13,1,0.088,0.715,0.147,2256,0.047,1,0.11,,325.4,,,0.109,0.307,,,0.259,0.142,20244,,89,48734,0.442,,
KS,Wichita County,0.202,,,,,,,,,,,,,,,,,,,,,,,,,,,,,,,3.346,0.298,44.326,206.79,98.2,13,1,0.087,0.674,0.157,2192,0.063,1,0.103,,392.5,,,0.107,0.307,,,0.237,0.13,10760,,91,51286,0.431,,
KS,Wilson County,0.163,,,,,,,,,,,,,,,,,,,,,,,,,,,,,,,,0.369,,259.46,100,8.21,0.142,0.112,0.769,0.161,9105,0.005,0.727,0.119,,383.2,,,0.154,0.047,29.6,,0.202,0.072,11492,0.171,88,36879,0.43,,0.209
KS,Wilson County,0.168,,,,,,,,,,,,,,,,,,,,,,,,,,,,,,,4.082,0.385,25.261,264.86,81,8.21,0.012,0.114,0.779,0.197,9105,0.005,0.727,0.114,,423.3,,,0.153,0.047,22.58,15.06,0.206,0.077,10895,0.171,88,41073,0.436,,
KS,Woodson County,0.192,,,,,,,,,,,,,,,,,,,,,,,,,,,,,,,,0.399,,323.95,131.2,8.23,0,0.095,0.741,0.354,3278,0,1,0.12,,626.4,,,0.145,0.009,67.29,,0.227,0.098,10252,,31,32681,0.438,,0.163
KS,Woodson County,0.191,,,,,,,,,,,,,,,,,,,,,,,,,,,,,,,4.167,0.319,21.354,301.57,121,8.23,0,0.112,0.748,0.312,3221,0,1,0.119,,532.9,,,0.157,0.009,64.27,,0.226,0.104,9988,,31,40971,0.482,,
KS,Wyandotte County,0.227,,,,,,,,,,,,,,,,,,,,,,,,,,,,,,,,0.477,,611.83,75.3,8.57,0,0.204,0.809,0.223,159129,0.075,0.061,0.131,387.8,504.9,9.7,86.9,0.205,0.136,14.91,11.51,0.287,0.096,9914,0.217,75,37780,0.687,18.69,0.262
KS,Wyandotte County,0.213,,,,,,,,,,,,,,,,,,,,,,,,,,,,,,,4.589,0.486,10.872,592.37,74.9,8.57,0,0.201,0.806,0.23,160384,0.078,0.061,0.132,387.8,485.8,8.9,77.8,0.192,0.136,14.44,11.97,0.273,0.085,10371,0.217,86,38728,0.689,17.9,
